market,ticker,name,sector,exchange,date,year,window_len,raw,z,fwd_3m,excess_3m,fwd_6m,excess_6m,momentum_6m,up1_conf,up1_fwd6m,up1_exc6m,up1_fwd3m,up1_exc3m,up1_days,confirmed_conf,confirmed_fwd6m,confirmed_exc6m,confirmed_fwd3m,confirmed_exc3m,confirmed_days,pre_drop_target_ret,mfe,recovered,r_target,hold_target,r_trail,hold_trail,r_sl5,hold_sl5,r_sl8,hold_sl8,r_sl10,hold_sl10,r_sl12,hold_sl12,r_sl25,hold_sl25,r_sl30,hold_sl30,profitable,roe,de,earnings_yield,ey_minus_bond,npat_margin,fcf_margin,rev_growth,eps_growth,div_yield,insider_buy_n,insider_sell_n,insider_buy_val,insider_sell_val,insider_net_val,director_buy,director_sell,insider_signal,days_to_recover
US,A,Agilent Technologies Inc,Healthcare,US-SF,2018-05-16,2018,2,-0.105,-4.852,0.0476,0.014,0.0435,0.1063,0.0304,True,0.0026,0.0782,0.0325,-0.0047,1,True,0.0026,0.0782,0.0325,-0.0047,1.0,0.1174,0.1696,False,0.0476,63,0.0476,63,0.0476,63,0.0476,63,0.0476,63,0.0476,63,0.0476,63,0.0476,63,True,0.1417,0.4167,0.0416,-0.0014,0.153,0.1594,-0.082,-0.083,0.0097,0,20,0.0,18636580.61,-18636580.61,False,True,sell,
US,A,Agilent Technologies Inc,Healthcare,US-SF,2019-05-15,2019,1,-0.1101,-7.988,-0.0282,0.024,0.1441,0.1138,0.1263,True,0.1183,0.0978,0.0064,0.0678,1,True,0.1504,0.1043,0.0196,0.0557,7.0,0.1237,0.1567,True,0.1237,34,0.0453,41,-0.0282,63,-0.0282,63,-0.0282,63,-0.0282,63,-0.0282,63,-0.0282,63,True,0.0692,0.3939,0.0174,-0.0256,0.0643,0.1852,0.0476,-0.1456,0.0098,0,13,0.0,9809580.95,-9809580.95,False,True,sell,34.0
US,A,Agilent Technologies Inc,Healthcare,US-SF,2024-05-30,2024,2,-0.1133,-5.416,0.0866,0.0154,0.0548,-0.1249,0.1744,True,0.0659,-0.1159,0.0595,0.016,2,True,0.0533,-0.1224,0.0379,0.0048,4.0,0.1278,0.1319,False,0.0866,63,0.0866,63,0.0866,63,0.0866,63,0.0866,63,0.0866,63,0.0866,63,0.0866,63,True,0.2121,0.4679,0.034,-0.0115,0.1815,0.2157,0.0682,0.3395,0.0071,0,9,0.0,21950931.86,-21950931.86,False,True,sell,
US,AA,Alcoa Corp,Basic Materials,US-SF,2014-12-11,2014,5,-0.1207,-3.07,-0.1218,-0.1842,-0.2053,-0.2859,0.2058,True,-0.1957,-0.308,-0.1089,-0.207,2,True,-0.2041,-0.2976,-0.1366,-0.2146,4.0,0.1372,0.128,False,-0.1218,63,-0.1218,63,-0.0947,58,-0.0947,58,-0.1079,59,-0.1218,63,-0.1218,63,-0.1218,63,False,,,-0.2558,-0.2988,-0.0991,-0.005,,,0.0085,0,0,0.0,0.0,0.0,False,False,none,
US,AA,Alcoa Corp,Basic Materials,US-SF,2016-01-06,2016,2,-0.1133,-2.707,0.1058,0.1072,0.0926,0.042,-0.1141,True,0.5192,0.3441,0.3886,0.286,6,True,0.5059,0.2988,0.476,0.3372,10.0,0.1278,0.3193,True,0.1278,41,0.0685,47,-0.0627,2,-0.1545,4,-0.1545,4,-0.1545,4,0.1058,63,0.1058,63,False,-0.0914,0.0238,-0.1684,-0.2114,-0.0769,0.0431,-0.3025,,0.0148,0,0,0.0,0.0,0.0,False,False,none,41.0
US,AA,Alcoa Corp,Basic Materials,US-SF,2016-10-11,2016,2,-0.1103,-3.708,0.4357,0.317,0.4393,0.3321,0.0798,True,0.5148,0.3777,0.6746,0.5691,5,True,0.5148,0.3777,0.6746,0.5691,5.0,0.124,0.7316,True,0.124,18,0.3009,35,-0.0527,3,0.4357,63,0.4357,63,0.4357,63,0.4357,63,0.4357,63,False,-0.0914,0.0238,-0.1542,-0.1972,-0.0769,0.0431,-0.3025,,0.0136,0,0,0.0,0.0,0.0,False,False,none,18.0
US,AA,Alcoa Corp,Basic Materials,US-SF,2017-11-14,2017,5,-0.1086,-2.632,0.1361,0.0913,0.2111,0.1064,0.5113,True,0.2042,0.0932,0.122,0.0677,1,True,0.1102,0.0469,0.0409,0.0598,9.0,0.1218,0.4385,True,0.1218,25,0.2424,52,0.1361,63,0.1361,63,0.1361,63,0.1361,63,0.1361,63,0.1361,63,False,-0.0707,0.2556,-0.038,-0.081,-0.0429,-0.0767,-0.2605,,0.0,0,0,0.0,0.0,0.0,False,False,none,25.0
US,AA,Alcoa Corp,Basic Materials,US-SF,2018-04-23,2018,1,-0.1351,-5.493,-0.2037,-0.2909,-0.2563,-0.2434,0.2568,True,-0.2816,-0.2662,-0.1702,-0.2571,2,True,-0.354,-0.2967,-0.1912,-0.2794,3.0,0.1563,0.0511,False,-0.2037,63,-0.2037,63,-0.0642,22,-0.0886,25,-0.1264,38,-0.1264,38,-0.2037,63,-0.2037,63,True,0.048,0.3104,0.0166,-0.0264,0.0184,0.0695,-0.1546,0.0267,0.0,0,8,0.0,12643748.5,-12643748.5,False,True,sell,
US,AA,Alcoa Corp,Basic Materials,US-SF,2018-07-19,2018,1,-0.1334,-5.146,-0.1169,-0.0513,-0.2957,-0.1671,-0.1584,True,-0.3153,-0.1715,-0.0661,0.026,2,True,-0.342,-0.2135,-0.0713,0.0124,3.0,0.154,0.0859,False,-0.1169,63,-0.1169,63,-0.0679,56,-0.0943,57,-0.1323,58,-0.1323,58,-0.1169,63,-0.1169,63,True,0.048,0.3104,0.0208,-0.0222,0.0184,0.0695,-0.1546,0.0267,0.0,0,8,0.0,12643748.5,-12643748.5,False,True,sell,
US,AA,Alcoa Corp,Basic Materials,US-SF,2018-10-09,2018,3,-0.1269,-2.811,-0.2301,-0.1213,-0.2431,-0.2167,-0.1028,True,-0.2633,-0.2439,-0.1824,-0.1012,5,True,-0.2332,-0.2146,-0.2025,-0.1351,6.0,0.1453,0.0484,False,-0.2301,63,-0.2301,63,-0.0523,2,-0.0914,11,-0.1015,14,-0.1318,30,-0.2532,47,-0.3318,52,True,0.048,0.3104,0.0229,-0.0201,0.0184,0.0695,-0.1546,0.0267,0.0,0,0,0.0,0.0,0.0,False,False,none,
US,AA,Alcoa Corp,Basic Materials,US-SF,2019-08-15,2019,5,-0.159,-3.513,0.2541,0.1669,-0.0739,-0.2284,-0.2627,True,-0.0879,-0.215,0.1981,0.1344,1,True,-0.0879,-0.215,0.1981,0.1344,1.0,0.1891,0.354,True,0.1891,16,0.2187,27,0.2541,63,0.2541,63,0.2541,63,0.2541,63,0.2541,63,0.2541,63,True,0.0445,0.3208,0.0588,0.0158,0.0185,0.0036,-0.1013,0.0563,0.0,0,0,0.0,0.0,0.0,False,False,none,16.0
US,AA,Alcoa Corp,Basic Materials,US-SF,2020-01-16,2020,1,-0.1189,-4.789,-0.5731,-0.2939,-0.2655,-0.1295,-0.1283,True,-0.0393,0.0375,-0.4522,-0.2266,11,True,-0.0715,0.0092,-0.5123,-0.2633,13.0,0.135,-0.0051,False,-0.5731,63,-0.5731,63,-0.0669,3,-0.0838,4,-0.1277,5,-0.1277,5,-0.2722,31,-0.3313,33,True,0.0445,0.3208,0.056,0.013,0.0185,0.0036,-0.1013,0.0563,0.0,0,0,0.0,0.0,0.0,False,False,none,
US,AA,Alcoa Corp,Basic Materials,US-SF,2020-03-05,2020,3,-0.134,-2.836,-0.021,-0.0029,0.2338,0.1571,-0.2287,True,0.5367,0.4229,0.3596,0.244,3,True,0.6795,0.3143,0.6781,0.3655,13.0,0.1547,0.3095,False,-0.021,63,-0.021,63,-0.074,1,-0.2691,2,-0.2691,2,-0.2691,2,-0.2691,2,-0.3684,5,False,-0.2736,0.4377,-0.3766,-0.4196,-0.1072,0.0293,-0.1521,0.0563,0.0,0,0,0.0,0.0,0.0,False,False,none,
US,AA,Alcoa Corp,Basic Materials,US-SF,2021-01-21,2021,1,-0.1239,-3.537,0.6597,0.6171,0.8606,0.8335,0.7356,True,1.0488,0.9936,0.9555,0.8628,4,True,1.0935,1.0515,0.9984,0.9272,7.0,0.1414,1.065,True,0.1414,20,0.2269,25,-0.0725,3,-0.1004,6,-0.1004,6,0.6597,63,0.6597,63,0.6597,63,False,-0.2736,0.4377,-0.2238,-0.2349,-0.1072,0.0293,-0.1521,0.0563,0.0,6,1,11613.0,31785.0,-20172.0,True,True,sell,20.0
US,AA,Alcoa Corp,Basic Materials,US-SF,2021-08-19,2021,4,-0.1841,-2.592,0.3008,0.1861,1.0758,1.1247,1.0891,True,1.0782,1.1513,0.2677,0.1773,1,True,0.8062,0.9095,0.1604,0.0993,2.0,0.2256,1.1129,True,0.2256,9,0.2351,22,0.3008,63,0.3008,63,0.3008,63,0.3008,63,0.3008,63,0.3008,63,False,-0.0513,0.7445,-0.0183,-0.0307,-0.0181,0.0044,-0.0354,0.1505,0.0,0,8,0.0,11467446.43,-11467446.43,False,True,sell,9.0
US,AA,Alcoa Corp,Basic Materials,US-SF,2022-04-21,2022,1,-0.1694,-4.696,-0.3646,-0.2719,-0.4591,-0.3149,0.6247,True,-0.3883,-0.346,-0.2976,-0.2917,4,True,-0.3883,-0.346,-0.2976,-0.2917,4.0,0.204,-0.0233,False,-0.3646,63,-0.3646,63,-0.0669,1,-0.0837,7,-0.1044,8,-0.1211,10,-0.2645,35,-0.3085,36,True,0.0918,0.3696,0.0236,-0.0056,0.0345,0.0426,0.0593,0.1848,0.0029,0,13,0.0,31388232.83,-31388232.83,False,True,sell,
US,AA,Alcoa Corp,Basic Materials,US-SF,2022-06-10,2022,3,-0.1908,-2.542,-0.0106,-0.0694,-0.1457,-0.1437,0.4419,True,-0.1057,-0.1573,-0.1542,-0.2086,3,True,-0.1057,-0.1573,-0.1542,-0.2086,3.0,0.2358,0.0759,False,-0.0106,63,-0.0106,63,-0.0598,1,-0.1205,8,-0.1205,8,-0.1205,8,-0.0106,63,-0.0106,63,True,0.0918,0.3696,0.032,0.0005,0.0345,0.0426,0.0593,0.1848,0.0059,0,12,0.0,23335973.23,-23335973.23,False,True,sell,
US,AA,Alcoa Corp,Basic Materials,US-SF,2022-09-14,2022,1,-0.109,-2.794,0.033,0.0363,-0.0867,-0.0501,-0.3132,True,-0.0569,-0.0375,-0.0404,-0.0131,3,True,-0.0569,-0.0375,-0.0404,-0.0131,3.0,0.1223,0.2422,True,0.1223,56,0.0086,61,-0.0524,2,-0.1205,5,-0.1205,5,-0.1205,5,0.033,63,0.033,63,True,0.0918,0.3696,0.0378,0.0037,0.0345,0.0426,0.0593,0.1848,0.0093,0,0,0.0,0.0,0.0,False,False,none,56.0
US,AA,Alcoa Corp,Basic Materials,US-SF,2023-03-15,2023,5,-0.2205,-2.615,-0.0889,-0.1624,-0.2365,-0.3056,0.0695,True,-0.2879,-0.3307,-0.1148,-0.1814,1,False,,,,,,0.2829,0.0702,False,-0.0889,63,-0.0889,63,-0.1011,28,-0.1011,28,-0.1011,28,-0.1355,35,-0.0889,63,-0.0889,63,False,-0.0242,0.356,-0.0122,-0.0471,-0.0096,0.0268,0.0161,0.1848,0.0104,0,8,0.0,12418279.97,-12418279.97,False,True,sell,
US,AA,Alcoa Corp,Basic Materials,US-SF,2023-10-23,2023,4,-0.157,-2.687,0.2767,0.099,0.5534,0.3556,-0.3373,True,0.5454,0.3658,0.2802,0.1037,1,True,0.3576,0.1555,0.175,-0.0072,5.0,0.1862,0.6008,True,0.1862,28,0.0828,30,0.2767,63,0.2767,63,0.2767,63,0.2767,63,0.2767,63,0.2767,63,False,-0.0242,0.356,-0.0206,-0.0689,-0.0096,0.0268,0.0161,0.1848,0.0176,0,0,0.0,0.0,0.0,False,False,none,28.0
US,AA,Alcoa Corp,Basic Materials,US-SF,2025-04-08,2025,4,-0.2682,-4.927,0.4035,0.118,0.6532,0.2425,-0.1961,True,0.4406,0.1501,0.2063,0.0382,1,True,0.4406,0.1501,0.2063,0.0382,1.0,0.3664,0.6532,True,0.3664,58,0.2666,66,0.4035,63,0.4035,63,0.4035,63,0.4035,63,0.4035,63,0.4035,63,True,0.0116,0.5032,0.0102,-0.0324,0.005,0.0035,0.0254,-0.5351,0.018,0,1,0.0,1009335.43,-1009335.43,False,True,sell,58.0
US,AAMI,Acadian Asset Management Inc,Financial Services,US-SF,2016-01-14,2016,3,-0.1308,-3.861,0.1397,0.0371,0.1986,0.0235,-0.2125,True,0.2366,0.0483,0.2288,0.1053,5,True,0.2532,0.075,0.1946,0.1024,10.0,0.1505,0.2812,True,0.1505,61,0.147,112,-0.0669,4,-0.0819,7,-0.1012,8,-0.1304,12,0.1397,63,0.1397,63,True,0.9373,0.0,0.4181,0.3751,0.2224,0.3441,-0.0087,2.7223,0.0307,0,0,0.0,0.0,0.0,False,False,none,61.0
US,AAMI,Acadian Asset Management Inc,Financial Services,US-SF,2018-08-02,2018,2,-0.1235,-6.213,-0.0799,0.0216,0.0176,0.1155,-0.1971,True,0.0119,0.1106,-0.0147,0.0662,2,False,,,,,,0.1409,0.0726,False,-0.0799,63,-0.0799,63,-0.0581,57,-0.0993,58,-0.0799,63,-0.0799,63,-0.0799,63,-0.0799,63,True,0.0557,0.0,0.0102,-0.0328,0.0047,0.2387,0.0475,0.0904,0.032,0,0,0.0,0.0,0.0,False,False,none,
US,AAMI,Acadian Asset Management Inc,Financial Services,US-SF,2019-08-06,2019,5,-0.1575,-3.659,0.1559,0.0924,0.1229,0.0031,-0.1091,True,0.1274,0.046,0.1232,0.0857,2,True,0.1798,0.0614,0.1321,0.0764,5.0,0.187,0.196,False,0.1559,63,0.1559,63,-0.0728,6,-0.0837,7,0.1559,63,0.1559,63,0.1559,63,0.1559,63,True,1.3204,0.0,0.4345,0.3915,0.147,0.1844,-0.0001,0.4319,0.0454,0,0,0.0,0.0,0.0,False,False,none,
US,AAMI,Acadian Asset Management Inc,Financial Services,US-SF,2020-03-03,2020,5,-0.1842,-3.806,0.037,0.0827,0.6576,0.6066,0.1857,True,0.6553,0.6244,0.1091,0.1608,1,True,0.875,0.6377,0.3023,0.1556,8.0,0.2258,0.6803,False,0.037,63,0.037,63,-0.1063,3,-0.1063,3,-0.1063,3,-0.2413,4,-0.2867,7,-0.3966,9,True,3.4767,0.0,0.7614,0.7184,0.3766,-0.2899,-0.1086,0.4258,0.0606,3,3,507010.1,12343.54,494666.56,True,True,buy,
US,AAMI,Acadian Asset Management Inc,Financial Services,US-SF,2021-01-27,2021,5,-0.1346,-2.661,0.2524,0.1597,0.3222,0.267,0.6864,True,0.2887,0.2254,0.2079,0.1182,1,True,0.2973,0.282,0.1436,0.1259,6.0,0.1556,0.3222,True,0.1556,49,0.3222,126,0.2524,63,0.2524,63,0.2524,63,0.2524,63,0.2524,63,0.2524,63,True,0.9481,1.3039,0.4398,0.4297,0.574,0.1293,-0.0651,0.2204,0.0071,0,2,0.0,1457.04,-1457.04,False,True,sell,49.0
US,AAMI,Acadian Asset Management Inc,Financial Services,US-SF,2021-12-20,2021,5,-0.1293,-3.268,0.0258,0.0499,-0.2383,-0.0282,0.2571,True,-0.2525,-0.0295,-0.0253,0.0431,1,False,,,,,,0.1485,0.0471,False,0.0258,63,0.0258,63,-0.0596,20,-0.095,21,-0.1211,22,-0.1211,22,0.0258,63,0.0258,63,True,0.9481,1.3039,0.3271,0.3129,0.574,0.1293,-0.0651,0.2204,0.0016,0,1,0.0,323203576.5,-323203576.5,False,False,sell,
US,AAMI,Acadian Asset Management Inc,Financial Services,US-SF,2025-09-04,2025,1,-0.151,-7.494,0.0589,0.0032,0.2016,0.1404,1.1355,True,0.1602,0.0922,0.0441,-0.0145,1,True,0.1501,0.0861,0.0432,-0.0096,2.0,0.1779,0.3249,False,0.0589,63,0.0589,63,0.0589,63,0.0589,63,0.0589,63,0.0589,63,0.0589,63,0.0589,63,True,4.25,13.715,0.0562,0.0144,0.1681,0.0908,-0.0319,-0.0229,0.0009,0,0,0.0,0.0,0.0,False,False,none,
US,AAMI,Acadian Asset Management Inc,Financial Services,US-SF,2025-11-04,2025,3,-0.1314,-2.737,0.1242,0.0622,0.5445,0.3746,0.7633,True,0.5775,0.4167,0.1695,0.0861,1,True,0.6607,0.4739,0.1875,0.0758,2.0,0.1513,0.5865,True,0.1513,44,0.1242,63,0.1242,63,0.1242,63,0.1242,63,0.1242,63,0.1242,63,0.1242,63,True,4.25,13.715,0.0555,0.0146,0.1681,0.0908,-0.0319,-0.0229,0.0009,0,1,0.0,57554151.91,-57554151.91,False,False,sell,44.0
US,AAMI,Acadian Asset Management Inc,Financial Services,US-SF,2026-02-05,2026,3,-0.1312,-3.713,0.3739,0.2723,,,0.4116,True,,,0.3489,0.2774,1,True,,,0.3985,0.3309,2.0,0.1511,0.7218,True,0.1511,13,0.0548,20,0.3739,63,0.3739,63,0.3739,63,0.3739,63,0.3739,63,0.3739,63,True,1.3201,3.3003,0.0464,0.0043,0.1346,0.3041,0.0354,-0.0853,0.0008,0,1,0.0,57554151.91,-57554151.91,False,False,sell,13.0
US,AAMI,Acadian Asset Management Inc,Financial Services,US-SF,2026-06-22,2026,2,-0.1067,-3.266,,,,,0.7413,True,,,,,4,True,,,,,4.0,0.1195,0.1269,True,0.1195,16,0.1204,18,-0.0558,3,0.1204,18,0.1204,18,0.1204,18,0.1204,18,0.1204,18,True,1.3201,3.3003,0.0304,-0.0147,0.1346,0.3041,0.0354,-0.0853,0.003,0,5,0.0,155443040.8,-155443040.8,False,True,sell,16.0
US,AAP,Advance Auto Parts Inc,Consumer Cyclical,US-SF,2011-05-19,2011,1,-0.1015,-8.16,-0.1084,0.0983,0.0575,0.1836,0.0842,True,0.0735,0.2253,-0.0526,0.1037,4,True,0.069,0.2574,-0.0737,0.1146,5.0,0.1129,0.1092,False,-0.1084,63,-0.1084,63,-0.0586,10,-0.0802,13,-0.1019,37,-0.1251,39,-0.1084,63,-0.1084,63,True,0.3329,0.2895,0.1054,0.0624,0.0584,0.0787,0.068,0.1473,0.0044,0,7,0.0,1167309.35,-1167309.35,False,True,sell,
US,AAP,Advance Auto Parts Inc,Consumer Cyclical,US-SF,2012-05-17,2012,1,-0.1697,-11.644,0.0639,-0.014,0.13,0.1009,0.192,True,0.1141,0.076,0.0261,-0.0417,2,True,0.1141,0.076,0.0261,-0.0417,2.0,0.2043,0.1903,False,0.0639,63,0.0639,63,0.0639,63,0.0639,63,0.0639,63,0.0639,63,0.0639,63,0.0639,63,True,0.4655,0.4896,0.1115,0.0685,0.064,0.0909,0.0597,0.1964,0.0041,0,16,0.0,10658491.88,-10658491.88,False,True,sell,
US,AAP,Advance Auto Parts Inc,Consumer Cyclical,US-SF,2015-11-12,2015,1,-0.1543,-8.039,-0.1129,0.0248,-0.0995,-0.0661,0.2999,True,-0.1236,-0.0776,-0.1269,0.004,2,False,,,,,,0.1824,0.0012,False,-0.1129,63,-0.1129,63,-0.0599,14,-0.0815,16,-0.1034,21,-0.1362,41,-0.1129,63,-0.1129,63,True,0.2466,0.8173,0.0573,0.0143,0.0502,0.0488,0.1271,0.1785,0.0017,0,5,0.0,5345997.7,-5345997.7,False,True,sell,
US,AAP,Advance Auto Parts Inc,Consumer Cyclical,US-SF,2017-05-24,2017,3,-0.1218,-6.777,-0.2965,-0.2872,-0.3307,-0.4294,-0.0699,True,-0.3342,-0.4332,-0.2856,-0.2821,2,True,-0.3342,-0.4332,-0.2856,-0.2821,2.0,0.1387,0.0359,False,-0.2965,63,-0.2965,63,-0.0534,10,-0.0966,19,-0.1222,24,-0.1222,24,-0.345,57,-0.345,57,True,0.1576,0.3577,0.0659,0.0229,0.048,0.0276,0.0917,0.0319,0.0021,1,4,1002885.0,3318297.93,-2315412.93,True,True,sell,
US,AAP,Advance Auto Parts Inc,Consumer Cyclical,US-SF,2017-07-05,2017,1,-0.1115,-7.277,-0.0586,-0.1233,0.0188,-0.0745,-0.2992,True,0.097,0.0018,-0.0896,-0.1483,5,True,0.0956,-0.0174,-0.1333,-0.1903,6.0,0.1255,0.0881,False,-0.0586,63,-0.0586,63,-0.1723,29,-0.1723,29,-0.1723,29,-0.1723,29,-0.0586,63,-0.0586,63,True,0.1576,0.3577,0.0832,0.0402,0.048,0.0276,0.0917,0.0319,0.0026,32,4,50685681.54,3318297.93,47367383.61,True,True,buy,
US,AAP,Advance Auto Parts Inc,Consumer Cyclical,US-SF,2017-08-15,2017,1,-0.2034,-9.682,-0.0545,-0.1209,0.2535,0.1531,-0.3262,True,0.1902,0.0791,0.0467,-0.0167,1,True,0.16,0.0241,-0.0131,-0.0904,2.0,0.2554,0.4216,False,-0.0545,63,-0.0545,63,-0.0585,52,-0.0878,59,-0.0545,63,-0.0545,63,-0.0545,63,-0.0545,63,True,0.1576,0.3577,0.1006,0.0576,0.048,0.0276,0.0917,0.0319,0.0032,32,4,50685681.54,3318297.93,47367383.61,True,True,buy,
US,AAP,Advance Auto Parts Inc,Consumer Cyclical,US-SF,2020-03-19,2020,4,-0.2417,-4.823,0.7211,0.3729,0.8061,0.3491,-0.2669,True,0.8971,0.4154,0.9345,0.5044,2,True,0.7435,0.3784,0.7391,0.4265,3.0,0.3187,0.8975,True,0.3187,17,0.5486,58,-0.1273,1,-0.1273,1,-0.1273,1,-0.1273,1,0.7211,63,0.7211,63,True,0.1372,0.2106,0.1071,0.0641,0.0501,0.0407,-0.0028,0.0082,0.0065,0,0,0.0,0.0,0.0,False,False,none,17.0
US,AAP,Advance Auto Parts Inc,Consumer Cyclical,US-SF,2022-04-29,2022,2,-0.1123,-4.325,-0.0096,-0.0199,-0.0279,-0.0187,-0.0219,True,-0.0359,-0.0167,-0.0187,-0.0185,1,True,-0.0839,-0.0014,-0.0693,-0.047,3.0,0.1265,0.0833,False,-0.0096,63,-0.0096,63,-0.0889,15,-0.0889,15,-0.1012,29,-0.1375,30,-0.0096,63,-0.0096,63,True,0.1907,0.3306,0.055,0.0261,0.0542,0.0748,0.0283,0.0882,0.025,0,0,0.0,0.0,0.0,False,False,none,
US,AAP,Advance Auto Parts Inc,Consumer Cyclical,US-SF,2022-08-24,2022,3,-0.131,-3.221,-0.1614,-0.1227,-0.2131,-0.19,-0.0456,True,-0.2078,-0.173,-0.1608,-0.1093,1,True,-0.1997,-0.2419,-0.1133,-0.1456,6.0,0.1507,0.0692,False,-0.1614,63,-0.1614,63,-0.0521,3,-0.0999,21,-0.1158,22,-0.1233,26,-0.1614,63,-0.1614,63,True,0.1907,0.3306,0.0605,0.0294,0.0542,0.0748,0.0283,0.0882,0.0306,0,0,0.0,0.0,0.0,False,False,none,
US,AAP,Advance Auto Parts Inc,Consumer Cyclical,US-SF,2022-11-16,2022,1,-0.1506,-6.947,-0.0299,-0.0801,-0.2311,-0.1882,-0.1343,True,-0.2046,-0.1654,-0.0319,-0.0694,3,True,-0.2363,-0.1794,-0.0617,-0.0779,4.0,0.1773,0.0144,False,-0.0299,63,-0.0299,63,-0.0508,1,-0.0818,19,-0.0299,63,-0.0299,63,-0.0299,63,-0.0299,63,True,0.1907,0.3306,0.069,0.0321,0.0542,0.0748,0.0283,0.0882,0.0384,0,0,0.0,0.0,0.0,False,False,none,
US,AAP,Advance Auto Parts Inc,Consumer Cyclical,US-SF,2023-05-31,2023,1,-0.3504,-19.264,-0.0624,-0.1502,-0.2864,-0.3173,-0.2346,True,-0.1886,-0.1889,0.0177,0.0075,4,True,-0.1394,-0.145,-0.1379,-0.1284,8.0,0.5393,0.0242,False,-0.0624,63,-0.0624,63,-0.0667,1,-0.1002,3,-0.1002,3,-0.1277,7,-0.0624,63,-0.0624,63,True,0.1787,0.5283,0.1126,0.0762,0.0508,0.0324,-0.0048,0.0397,0.0877,0,0,0.0,0.0,0.0,False,False,none,
US,AAP,Advance Auto Parts Inc,Consumer Cyclical,US-SF,2023-11-17,2023,3,-0.1382,-3.062,0.2204,0.1108,0.4155,0.2482,-0.4981,True,0.3345,0.1825,0.1494,0.035,1,True,0.1411,0.0648,0.4004,0.3023,14.0,0.1603,0.7247,True,0.1603,17,0.2629,56,0.2204,63,0.2204,63,0.2204,63,0.2204,63,0.2204,63,0.2204,63,True,0.1787,0.5283,0.1617,0.1172,0.0508,0.0324,-0.0048,0.0397,0.0735,8,0,1660543.73,0.0,1660543.73,True,False,buy,17.0
US,AAP,Advance Auto Parts Inc,Consumer Cyclical,US-SF,2024-08-22,2024,1,-0.1747,-6.733,-0.2389,-0.3206,-0.0912,-0.1005,0.0196,True,-0.0186,0.0098,0.222,0.0894,13,False,,,,,,0.2117,-0.0137,False,-0.2389,63,-0.2389,63,-0.0636,3,-0.0873,4,-0.1133,6,-0.1444,7,-0.2607,27,-0.2389,63,True,0.0119,0.7089,0.0102,-0.0285,0.0033,0.0067,-0.0079,-0.3865,0.0205,5,1,889797.21,159936.64,729860.57,True,True,buy,
US,AAP,Advance Auto Parts Inc,Consumer Cyclical,US-SF,2025-02-26,2025,1,-0.1783,-5.898,0.4091,0.458,0.6314,0.5396,-0.0912,True,0.7455,0.5916,0.4959,0.4686,7,True,0.7455,0.5916,0.4959,0.4686,7.0,0.217,0.7852,True,0.217,60,0.2928,64,-0.0607,3,-0.0828,4,-0.108,6,-0.1398,28,0.4091,63,0.4091,63,False,-0.1548,0.8245,-0.1525,-0.195,-0.0369,-0.0106,-0.013,-0.4823,0.0274,4,1,150158.35,56220.56,93937.79,True,True,buy,60.0
US,AAP,Advance Auto Parts Inc,Consumer Cyclical,US-SF,2025-10-08,2025,3,-0.1426,-2.525,-0.1901,-0.2384,0.0541,-0.005,0.6953,True,0.0633,-0.0392,-0.2114,-0.2812,3,True,0.0633,-0.0392,-0.2114,-0.2812,3.0,0.1664,0.1463,False,-0.1901,63,-0.1901,63,-0.0544,2,-0.0993,17,-0.115,43,-0.1313,47,-0.2568,59,-0.1901,63,False,-0.1548,0.8245,-0.108,-0.1493,-0.0369,-0.0106,-0.013,-0.4823,0.0194,0,1,0.0,45996.96,-45996.96,False,True,sell,
US,AAP,Advance Auto Parts Inc,Consumer Cyclical,US-SF,2025-12-09,2025,2,-0.1174,-2.62,0.1439,0.1586,0.3226,0.1663,0.0086,True,0.2524,0.1023,0.0609,0.092,1,False,,,,,,0.133,0.3226,True,0.133,38,0.1682,51,-0.076,6,-0.109,7,-0.109,7,-0.1276,8,0.1439,63,0.1439,63,False,-0.1548,0.8245,-0.1221,-0.1639,-0.0369,-0.0106,-0.013,-0.4823,0.0219,0,2,0.0,436758.96,-436758.96,False,True,sell,38.0
US,AAT,American Assets Trust Inc,Real Estate,US-SF,2020-03-16,2020,4,-0.3611,-10.913,0.2324,-0.136,0.053,-0.4285,-0.1816,True,0.1732,-0.2838,0.3276,-0.0206,3,True,-0.0386,-0.2687,0.1506,-0.0468,8.0,0.5651,0.4178,False,0.2324,63,0.2324,63,-0.1143,2,-0.1143,2,-0.1143,2,-0.1261,14,0.2324,63,0.2324,63,True,0.0465,1.0495,0.0546,0.0116,0.1641,0.1786,0.0712,0.092,0.0646,12,1,4231416.99,1120250.0,3111166.99,True,True,buy,
US,AAT,American Assets Trust Inc,Real Estate,US-SF,2023-03-10,2023,4,-0.1794,-5.402,0.0196,-0.0329,0.0694,0.0229,-0.0947,True,0.21,0.1633,0.1184,0.0487,6,False,,,,,,0.2187,0.1799,False,0.0196,63,0.0196,63,-0.0591,4,-0.1208,5,-0.1208,5,-0.1208,5,0.0196,63,0.0196,63,True,0.0471,1.4189,0.0563,0.0194,0.1322,0.1545,0.0606,0.032,0.0798,9,0,5467848.0,0.0,5467848.0,True,False,buy,
US,AAUC,Allied Gold Corporation,Basic Materials,US-SF,2025-10-21,2025,4,-0.1576,-2.599,0.7787,0.6858,0.843,0.7275,0.674,True,0.8126,0.6758,0.7263,0.6375,1,False,,,,,,0.1871,0.8546,True,0.1871,27,0.3256,49,-0.1182,8,-0.1182,8,-0.1182,8,-0.1506,10,0.7787,63,0.7787,63,False,-0.3344,0.2787,-0.0532,-0.0929,-0.1583,-0.1148,0.0444,,,0,0,0.0,0.0,0.0,False,False,none,27.0
US,AAUC,Allied Gold Corporation,Basic Materials,US-SF,2026-06-24,2026,2,-0.1085,-4.884,,,,,0.132,True,,,,,2,True,,,,,2.0,0.1217,0.0691,False,-0.0952,16,-0.0952,16,-0.0891,15,-0.0891,15,-0.0952,16,-0.0952,16,-0.0952,16,-0.0952,16,False,-0.1272,0.3786,-0.0179,-0.0619,-0.0389,0.0615,0.2576,,,0,0,0.0,0.0,0.0,False,False,none,
US,AB,AllianceBernstein Holding L.P.,Financial Services,US-SF,2013-06-24,2013,4,-0.1816,-4.505,0.0247,-0.1026,0.0992,-0.1063,0.524,True,0.051,-0.1528,-0.0456,-0.1636,1,True,0.0393,-0.1661,-0.0625,-0.1763,2.0,0.2219,0.1646,False,0.0247,63,0.0247,63,-0.0523,9,0.0247,63,0.0247,63,0.0247,63,0.0247,63,0.0247,63,True,0.0327,0.0,0.0805,0.0375,0.7215,1.1057,-0.5683,-0.3484,0.1986,0,3,0.0,889590.25,-889590.25,False,True,sell,
US,AB,AllianceBernstein Holding L.P.,Financial Services,US-SF,2020-03-17,2020,5,-0.3639,-7.708,0.4581,0.1456,0.5396,0.1495,0.0528,True,0.5146,0.0576,0.4717,0.1236,2,True,0.5146,0.0576,0.4717,0.1236,2.0,0.572,0.6457,False,0.4581,63,0.4581,63,-0.2206,1,-0.2206,1,-0.2206,1,-0.2206,1,0.4581,63,0.4581,63,True,0.1537,0.0,0.2317,0.1887,0.8959,0.7302,0.0579,0.0725,0.2295,1,10,354900.0,13378705.65,-13023805.65,True,True,sell,
US,AB,AllianceBernstein Holding L.P.,Financial Services,US-SF,2025-02-06,2025,4,-0.1004,-2.967,0.1907,0.3124,0.1986,0.237,0.1836,True,0.1531,0.1808,0.1603,0.2728,1,True,0.2034,0.2015,0.1803,0.2624,5.0,0.1115,0.2484,True,0.1115,38,-0.0248,41,-0.0577,42,0.1907,63,0.1907,63,0.1907,63,0.1907,63,0.1907,63,True,0.1272,0.0,0.0897,0.0453,0.8813,0.9806,0.0207,-0.0137,0.0945,2,1,41674000.0,139480.0,41534520.0,False,True,buy,38.0
US,ABBV,AbbVie Inc,Healthcare,US-SF,2015-10-22,2015,1,-0.1033,-5.739,0.2278,0.3639,0.2886,0.3029,-0.1482,True,0.2348,0.248,0.1695,0.2965,1,True,0.1939,0.1985,0.1126,0.2478,2.0,0.1152,0.3286,True,0.1152,5,0.2047,26,0.2278,63,0.2278,63,0.2278,63,0.2278,63,0.2278,63,0.2278,63,True,1.0184,8.3691,0.0323,-0.0107,0.0889,0.1471,0.0703,-0.2004,0.0649,0,117,0.0,15860620.54,-15860620.54,False,True,sell,5.0
US,ABBV,AbbVie Inc,Healthcare,US-SF,2018-03-22,2018,1,-0.1276,-5.919,-0.0159,-0.1099,-0.0357,-0.1499,0.3204,True,0.0197,-0.0983,-0.0192,-0.1034,4,True,0.0348,-0.0464,0.0176,-0.0664,8.0,0.1463,0.0941,False,-0.0159,63,-0.0159,63,-0.0621,3,-0.0848,10,-0.0159,63,-0.0159,63,-0.0159,63,-0.0159,63,True,1.0416,7.3314,0.0438,0.0008,0.1882,0.3342,0.0895,0.0017,0.0384,0,24,0.0,72882699.5,-72882699.5,False,True,sell,
US,ABBV,AbbVie Inc,Healthcare,US-SF,2019-01-28,2019,3,-0.1279,-3.551,0.0548,-0.0299,-0.1041,-0.1689,0.0122,True,-0.1079,-0.1855,0.0384,-0.043,1,True,-0.1332,-0.1921,0.0111,-0.0491,2.0,0.1466,0.0887,False,0.0548,63,0.0548,63,0.0548,63,0.0548,63,0.0548,63,0.0548,63,0.0548,63,0.0548,63,True,1.0416,7.3314,0.0534,0.0104,0.1882,0.3342,0.0895,0.0017,0.0702,0,10,0.0,26655380.54,-26655380.54,False,True,sell,
US,ABBV,AbbVie Inc,Healthcare,US-SF,2019-06-25,2019,1,-0.1625,-16.424,0.1273,0.119,0.4149,0.3143,-0.0575,True,0.361,0.2584,0.0763,0.0574,1,True,0.3219,0.2371,0.0737,0.0822,2.0,0.1941,0.4149,False,0.1273,63,0.1273,63,0.1273,63,0.1273,63,0.1273,63,0.1273,63,0.1273,63,0.1273,63,True,-0.6733,-4.7727,0.0663,0.0233,0.1736,0.3905,0.1175,0.0838,0.0836,0,4,0.0,5536289.66,-5536289.66,False,True,sell,
US,ABBV,AbbVie Inc,Healthcare,US-SF,2024-11-11,2024,1,-0.1257,-9.664,0.1195,0.1823,0.0611,0.2009,0.2625,True,0.1184,0.2315,0.2268,0.2749,5,True,0.0687,0.2066,0.1696,0.2805,9.0,0.1437,0.2538,False,0.1195,63,0.1195,63,-0.0541,4,0.1195,63,0.1195,63,0.1195,63,0.1195,63,0.1195,63,True,0.4677,5.7117,0.0167,-0.0264,0.0895,0.4062,0.1065,-0.0649,0.0377,0,2,0.0,61901455.0,-61901455.0,False,True,sell,
US,ABBV,AbbVie Inc,Healthcare,US-SF,2025-04-09,2025,4,-0.1081,-3.854,0.08,-0.0881,0.3058,0.0153,0.0417,True,0.3393,0.016,0.0839,-0.1015,2,True,0.2449,-0.0391,0.022,-0.1308,11.0,0.1212,0.3833,False,0.08,63,0.08,63,0.08,63,0.08,63,0.08,63,0.08,63,0.08,63,0.08,63,True,1.2717,19.9596,0.0141,-0.0299,0.0759,0.3165,0.1111,-0.1459,0.0367,0,23,0.0,58040384.53,-58040384.53,False,True,sell,
US,ABCB,Ameris Bancorp,Financial Services,US-SF,2018-12-17,2018,5,-0.1504,-3.507,0.138,0.0183,0.2324,0.1036,-0.3625,True,0.1876,0.0523,0.0909,-0.0436,1,False,,,,,,0.177,0.3369,True,0.177,27,0.2272,54,0.138,63,0.138,63,0.138,63,0.138,63,0.138,63,0.138,63,True,0.0914,0.4178,0.0391,-0.0039,0.1861,-0.1678,0.2223,0.2648,0.0143,10,0,201821.0,0.0,201821.0,True,False,buy,27.0
US,ABCB,Ameris Bancorp,Financial Services,US-SF,2020-03-09,2020,4,-0.2185,-7.939,0.1015,-0.0686,-0.0558,-0.2247,-0.0081,True,-0.1193,-0.2331,0.0153,-0.1003,1,False,,,,,,0.2795,0.1015,False,0.1015,63,0.1015,63,-0.1104,3,-0.1104,3,-0.1104,3,-0.1939,5,-0.3006,10,-0.3006,10,True,0.0097,0.0913,0.0973,0.0543,0.197,-1.1613,0.3082,0.1014,0.0203,1,3,100088.8,2003554.19,-1903465.39,True,True,sell,
US,ABCB,Ameris Bancorp,Financial Services,US-SF,2023-03-13,2023,1,-0.1251,-7.075,-0.0489,-0.1228,0.0634,-0.0003,-0.089,True,0.0856,0.0164,-0.0472,-0.1206,2,True,0.0313,-0.0115,-0.0759,-0.1426,3.0,0.143,0.2304,False,-0.0489,63,-0.0489,63,-0.0624,16,-0.0919,17,-0.1327,30,-0.1327,30,-0.0489,63,-0.0489,63,True,0.1084,0.6268,0.1449,0.1098,0.3036,0.9189,0.2362,0.2059,0.0169,1,6,27604.0,692195.7,-664591.7,True,True,sell,
US,ABEV,Ambev SA ADR,Consumer Defensive,US-SF,2016-11-14,2016,4,-0.1148,-3.853,0.1866,0.1052,0.2658,0.2217,0.0566,True,0.085,0.0397,0.1462,0.0717,1,True,0.1144,0.0644,0.1262,0.0512,2.0,0.1297,0.2922,True,0.1297,62,0.1012,73,0.1866,63,0.1866,63,0.1866,63,0.1866,63,0.1866,63,0.1866,63,True,0.2571,0.0186,0.2429,0.1999,0.2659,0.3921,0.1311,0.1006,0.0471,0,0,0.0,0.0,0.0,False,False,none,62.0
US,ABEV,Ambev SA ADR,Consumer Defensive,US-SF,2017-05-18,2017,1,-0.1172,-7.641,0.1357,0.1373,0.11,0.0343,0.2658,True,0.1,0.0126,0.1107,0.1177,1,False,,,,,,0.1327,0.2806,True,0.1327,52,0.1596,112,0.1357,63,0.1357,63,0.1357,63,0.1357,63,0.1357,63,0.1357,63,True,0.2799,0.1194,0.2195,0.1765,0.2751,0.1801,0.1095,0.1927,0.0481,0,0,0.0,0.0,0.0,False,False,none,52.0
US,ABEV,Ambev SA ADR,Consumer Defensive,US-SF,2019-03-01,2019,2,-0.1023,-3.305,0.0182,0.0963,0.0205,0.079,0.0715,True,0.0751,0.0836,0.0657,0.0817,4,True,0.0353,0.0221,0.0044,0.0244,11.0,0.1139,0.2301,False,0.0182,63,0.0182,63,-0.0569,52,0.0182,63,0.0182,63,0.0182,63,0.0182,63,0.0182,63,True,0.1594,0.0553,0.1505,0.1075,0.1518,0.3063,0.0808,0.0331,0.0406,0,0,0.0,0.0,0.0,False,False,none,
US,ABEV,Ambev SA ADR,Consumer Defensive,US-SF,2020-03-16,2020,5,-0.3149,-6.869,0.237,-0.1314,0.1327,-0.3488,-0.3148,True,0.0609,-0.3292,0.113,-0.1994,1,True,-0.125,-0.355,0.0152,-0.1822,8.0,0.4597,0.4218,False,0.237,63,0.237,63,-0.0521,28,-0.0805,41,0.237,63,0.237,63,0.237,63,0.237,63,True,0.1955,0.0423,0.4617,0.4187,0.2189,0.2855,0.0744,0.0278,0.0759,0,0,0.0,0.0,0.0,False,False,none,
US,ABEV,Ambev SA ADR,Consumer Defensive,US-SF,2020-10-30,2020,4,-0.1641,-2.884,0.406,0.0076,0.3097,-0.1516,0.2019,True,0.3187,-0.1102,0.399,0.0222,1,True,0.4288,0.0403,0.3327,-0.0317,2.0,0.1963,0.5312,True,0.1963,6,0.243,20,0.406,63,0.406,63,0.406,63,0.406,63,0.406,63,0.406,63,True,0.1922,0.0149,0.4877,0.4791,0.2265,0.256,0.0643,-0.0052,0.0749,0,0,0.0,0.0,0.0,False,False,none,6.0
US,ABG,Asbury Automotive Group Inc,Consumer Cyclical,US-SF,2013-10-23,2013,2,-0.1087,-4.825,-0.0075,-0.0373,0.2318,0.2209,0.5246,True,0.2207,0.2223,-0.0445,-0.0524,1,False,,,,,,0.1219,0.2438,True,0.1219,40,0.031,55,-0.0075,63,-0.0075,63,-0.0075,63,-0.0075,63,-0.0075,63,-0.0075,63,True,0.2041,1.1455,0.0914,0.0484,0.0177,-0.0168,-0.0407,0.1136,0.0,0,21,0.0,8263442.68,-8263442.68,False,True,sell,40.0
US,ABG,Asbury Automotive Group Inc,Consumer Cyclical,US-SF,2016-01-06,2016,1,-0.1196,-5.349,-0.0549,-0.0535,-0.1003,-0.1509,-0.2904,True,0.0176,-0.1398,0.0039,-0.0573,3,True,0.0176,-0.1398,0.0039,-0.0573,3.0,0.1359,0.0919,False,-0.0549,63,-0.0549,63,-0.0698,2,-0.0834,4,-0.1353,5,-0.1353,5,-0.0549,63,-0.0549,63,True,0.2508,1.5871,0.1045,0.0615,0.019,0.0044,0.1149,0.5522,0.0,0,0,0.0,0.0,0.0,False,False,none,
US,ABG,Asbury Automotive Group Inc,Consumer Cyclical,US-SF,2020-03-12,2020,2,-0.2784,-8.831,0.2595,0.0517,0.8395,0.4968,-0.1871,True,1.218,0.828,0.6575,0.345,3,True,1.0639,0.6069,0.5931,0.245,5.0,0.3859,0.8879,True,0.3859,59,0.2595,63,-0.0612,1,-0.2097,2,-0.2097,2,-0.2097,2,-0.2828,16,0.2595,63,True,0.2853,2.4711,0.1687,0.1257,0.0256,0.0392,0.0421,0.2019,0.0,0,1,0.0,78430.0,-78430.0,False,True,sell,59.0
US,ABG,Asbury Automotive Group Inc,Consumer Cyclical,US-SF,2021-10-27,2021,3,-0.1289,-3.279,-0.22,-0.0774,-0.1252,0.0234,0.0966,True,-0.0362,0.1585,-0.1675,-0.0372,3,True,-0.0362,0.1585,-0.1675,-0.0372,3.0,0.148,0.0171,False,-0.22,63,-0.22,63,-0.0692,4,-0.0827,5,-0.1628,15,-0.1628,15,-0.22,63,-0.22,63,True,0.2809,2.031,0.0688,0.0535,0.0357,0.0846,0.016,0.1414,0.0,0,0,0.0,0.0,0.0,False,False,none,
US,ABG,Asbury Automotive Group Inc,Consumer Cyclical,US-SF,2023-03-14,2023,3,-0.1412,-3.007,0.1302,0.063,0.0941,0.0582,0.3806,True,0.1093,0.0666,0.1272,0.0606,2,True,0.1093,0.0666,0.1272,0.0606,2.0,0.1644,0.246,False,0.1302,63,0.1302,63,-0.0692,29,0.1302,63,0.1302,63,0.1302,63,0.1302,63,0.1302,63,True,0.3435,1.1842,0.2657,0.2293,0.0646,0.0381,0.1904,0.4678,0.0,0,22,0.0,12390612.53,-12390612.53,False,True,sell,
US,ABG,Asbury Automotive Group Inc,Consumer Cyclical,US-SF,2025-07-17,2025,3,-0.1284,-2.977,0.0825,-0.0355,0.0827,-0.1041,0.0881,True,0.0766,-0.1188,0.0634,-0.038,1,True,0.0852,-0.1146,0.0515,-0.0601,3.0,0.1473,0.1284,False,0.0825,63,0.0825,63,0.0825,63,0.0825,63,0.0825,63,0.0825,63,0.0825,63,0.0825,63,True,0.1229,1.4424,0.1007,0.0561,0.025,0.0211,0.1898,0.1798,0.0,0,1,0.0,361010.88,-361010.88,False,True,sell,
US,ABM,ABM Industries Incorporated,Industrials,US-SF,2017-12-14,2017,1,-0.1273,-9.234,-0.0932,-0.1354,-0.1813,-0.3044,0.0713,True,-0.1949,-0.297,-0.0921,-0.1117,2,True,-0.201,-0.3,-0.1248,-0.1294,3.0,0.1459,0.0465,False,-0.0932,63,-0.0932,63,-0.0801,34,-0.0801,34,-0.1051,51,-0.0932,63,-0.0932,63,-0.0932,63,True,0.0587,0.5509,0.0307,-0.0123,0.0111,0.0077,0.0391,-0.0437,0.0213,0,7,0.0,737747.3,-737747.3,False,True,sell,
US,ABM,ABM Industries Incorporated,Industrials,US-SF,2020-03-19,2020,2,-0.1474,-3.286,0.6346,0.2865,0.6177,0.1607,-0.2224,True,0.8069,0.4417,0.8221,0.5095,3,True,0.6876,0.4575,0.6328,0.4354,5.0,0.1729,0.6522,True,0.1729,15,0.2619,22,-0.1251,1,-0.1251,1,-0.1251,1,-0.1251,1,0.6346,63,0.6346,63,True,0.0826,0.5197,0.1035,0.0605,0.0196,0.0313,0.0525,0.0748,0.0345,0,7,0.0,649433.12,-649433.12,False,True,sell,15.0
US,ABM,ABM Industries Incorporated,Industrials,US-SF,2021-12-15,2021,1,-0.1101,-6.924,0.1268,0.1861,-0.053,0.1954,-0.0091,True,-0.0458,0.1803,0.0855,0.1164,1,True,0.0463,0.2861,0.133,0.2109,12.0,0.1238,0.3214,True,0.1238,53,0.1825,90,0.1268,63,0.1268,63,0.1268,63,0.1268,63,0.1268,63,0.1268,63,True,0.0001,0.4797,0.0001,-0.0145,0.0,0.0701,0.041,-0.7051,0.0206,1,3,74016.0,478887.77,-404871.77,True,True,sell,53.0
US,ABM,ABM Industries Incorporated,Industrials,US-SF,2022-06-09,2022,3,-0.1363,-3.992,0.0628,0.0455,0.049,0.0666,0.1355,True,0.1004,0.0488,0.0199,-0.0344,4,True,0.1004,0.0488,0.0199,-0.0344,4.0,0.1578,0.1268,False,0.0628,63,0.0628,63,-0.1053,2,-0.1053,2,-0.1053,2,0.0628,63,0.0628,63,0.0628,63,True,0.0785,0.5494,0.0543,0.0239,0.0203,0.045,0.039,0.129,0.0194,0,7,0.0,1873279.31,-1873279.31,False,True,sell,
US,ABM,ABM Industries Incorporated,Industrials,US-SF,2023-09-07,2023,1,-0.1364,-9.052,0.114,0.116,0.0948,-0.0275,-0.0541,True,0.081,-0.0348,0.1162,0.1072,1,True,0.0484,-0.055,0.11,0.088,4.0,0.1579,0.359,False,0.114,63,0.114,63,0.114,63,0.114,63,0.114,63,0.114,63,0.114,63,0.114,63,True,0.1342,0.7383,0.1087,0.0661,0.0295,-0.0039,0.0744,1.2441,0.0236,0,5,0.0,1132230.41,-1132230.41,False,True,sell,
US,ABM,ABM Industries Incorporated,Industrials,US-SF,2023-12-14,2023,1,-0.1021,-3.759,-0.084,-0.0961,0.0876,0.0769,0.2292,True,0.1404,0.1398,-0.0376,-0.076,3,False,,,,,,0.1137,0.1027,False,-0.084,63,-0.084,63,-0.0513,11,-0.0915,14,-0.1148,20,-0.127,31,-0.084,63,-0.084,63,True,0.1342,0.7383,0.0891,0.0498,0.0295,-0.0039,0.0744,1.2441,0.0199,0,1,0.0,279004.0,-279004.0,False,True,sell,
US,ABM,ABM Industries Incorporated,Industrials,US-SF,2024-09-11,2024,4,-0.1257,-4.684,0.1647,0.0321,-0.0371,-0.0087,0.3885,True,-0.0244,0.0043,0.1546,0.0303,1,True,-0.0823,-0.0216,0.0984,0.0166,2.0,0.1437,0.2001,True,0.1437,40,0.0304,69,0.1647,63,0.1647,63,0.1647,63,0.1647,63,0.1647,63,0.1647,63,True,0.1396,0.7285,0.0916,0.0551,0.031,0.0236,0.0468,0.2125,0.0191,0,9,0.0,5828329.15,-5828329.15,False,True,sell,40.0
US,ABM,ABM Industries Incorporated,Industrials,US-SF,2025-03-12,2025,3,-0.1671,-5.856,0.0249,-0.0352,0.0401,-0.1549,-0.0149,True,-0.0163,-0.2186,-0.0104,-0.0838,1,False,,,,,,0.2006,0.1647,False,0.0249,63,0.0249,63,-0.0668,19,0.0249,63,0.0249,63,0.0249,63,0.0249,63,0.0249,63,True,0.0457,0.7486,0.0317,-0.0115,0.0097,0.02,0.0516,-0.0756,0.0214,0,5,0.0,2910734.64,-2910734.64,False,True,sell,
US,ABM,ABM Industries Incorporated,Industrials,US-SF,2025-06-06,2025,2,-0.1093,-3.674,0.0109,-0.1123,-0.0317,-0.2143,-0.0749,True,-0.0724,-0.248,-0.0437,-0.1544,1,True,-0.0696,-0.2362,-0.0075,-0.128,14.0,0.1227,0.0713,False,0.0109,63,0.0109,63,-0.0519,7,0.0109,63,0.0109,63,0.0109,63,0.0109,63,0.0109,63,True,0.0457,0.7486,0.0308,-0.0143,0.0097,0.02,0.0516,-0.0756,0.0217,0,9,0.0,4123962.79,-4123962.79,False,True,sell,
US,ABM,ABM Industries Incorporated,Industrials,US-SF,2025-12-19,2025,2,-0.126,-5.54,-0.0929,-0.0835,0.0719,-0.1088,0.1087,True,0.0771,-0.0984,-0.0814,-0.0726,1,False,,,,,,0.1442,0.1353,False,-0.0929,63,-0.0929,63,-0.077,55,-0.0863,57,-0.1058,59,-0.0929,63,-0.0929,63,-0.0929,63,True,0.0909,0.8773,0.0671,0.0256,0.0186,0.0177,0.0787,2.8853,0.0257,0,2,0.0,993491.25,-993491.25,False,True,sell,
US,ABM,ABM Industries Incorporated,Industrials,US-SF,2026-03-12,2026,4,-0.1179,-2.865,0.2027,0.0291,,,-0.0773,True,,,0.1936,0.0066,1,True,,,0.1572,-0.0357,7.0,0.1337,0.2633,True,0.1337,61,0.2478,87,0.2027,63,0.2027,63,0.2027,63,0.2027,63,0.2027,63,0.2027,63,True,0.0909,0.8773,0.0727,0.03,0.0186,0.0177,0.0787,2.8853,0.0285,0,3,0.0,1975274.8,-1975274.8,False,True,sell,61.0
US,ABP,"Abpro Holdings, Inc.",Healthcare,US-SF,2024-07-16,2024,1,-0.1235,-6.109,-0.0718,-0.1244,-0.8943,-0.8997,0.1971,True,-0.9029,-0.9101,-0.0295,-0.1009,1,True,-0.9359,-0.9052,-0.7227,-0.7956,10.0,0.1409,0.0764,False,-0.0718,63,-0.0718,63,-0.07,62,-0.0718,63,-0.0718,63,-0.0718,63,-0.0718,63,-0.0718,63,False,0.1366,-0.0203,-0.0132,-0.0549,-95.9508,-61.0656,-0.4813,,,0,0,0.0,0.0,0.0,False,False,none,
US,ABP,"Abpro Holdings, Inc.",Healthcare,US-SF,2024-11-06,2024,2,-0.121,-3.586,-0.8956,-0.8518,-0.98,-0.8543,0.085,True,-0.984,-0.8524,-0.8999,-0.84,2,True,-0.984,-0.8524,-0.8999,-0.84,2.0,0.1376,0.0792,False,-0.8956,63,-0.8956,63,-0.4287,4,-0.4287,4,-0.4287,4,-0.4287,4,-0.4287,4,-0.4287,4,False,0.1366,-0.0203,-0.0142,-0.0585,-95.9508,-61.0656,-0.4813,,,0,0,0.0,0.0,0.0,False,False,none,
US,ABP,"Abpro Holdings, Inc.",Healthcare,US-SF,2024-12-30,2024,1,-0.5159,-3.165,-0.7919,-0.6951,-0.9074,-0.9067,-0.5973,True,-0.8639,-0.8572,-0.8308,-0.6811,6,False,,,,,,1.0658,-0.1715,False,-0.7919,63,-0.7919,63,-0.1715,1,-0.1715,1,-0.1715,1,-0.1715,1,-0.2931,5,-0.34,7,False,0.1366,-0.0203,-0.0687,-0.1142,-95.9508,-61.0656,-0.4813,,,0,0,0.0,0.0,0.0,False,False,none,
US,ABP,"Abpro Holdings, Inc.",Healthcare,US-SF,2026-02-11,2026,1,-0.2395,-3.426,4.0787,4.0392,,,-0.7769,True,,,37.4848,37.3883,6,False,,,,,,0.315,4.2756,True,0.315,28,-0.8906,29,-0.3472,1,-0.3472,1,-0.3472,1,-0.3472,1,-0.3472,1,-0.3472,1,False,0.3275,-0.0166,-0.8383,-0.8801,,,-0.463,,,0,0,0.0,0.0,0.0,False,False,none,28.0
US,ABR,Arbor Realty Trust,Real Estate,US-SF,2020-03-13,2020,5,-0.2969,-7.2,0.16,0.0133,0.4259,0.1886,0.0041,True,1.6908,1.1751,1.0062,0.607,5,True,1.6908,1.1751,1.0062,0.607,5.0,0.4224,0.4558,False,0.16,63,0.16,63,-0.1459,1,-0.1459,1,-0.1459,1,-0.1459,1,-0.3165,2,-0.3165,2,True,0.1086,3.8437,0.1566,0.1136,0.3459,-0.6093,0.3182,-0.1108,0.274,5,3,439050.0,227837.79,211212.21,True,True,buy,
US,ABR,Arbor Realty Trust,Real Estate,US-SF,2022-06-16,2022,5,-0.2124,-6.692,0.2216,0.1317,0.1723,0.0966,-0.1108,True,0.1065,0.0479,0.1717,0.0834,1,True,0.0957,0.0694,0.1385,0.0833,2.0,0.2697,0.3501,True,0.2697,27,0.234,31,0.2216,63,0.2216,63,0.2216,63,0.2216,63,0.2216,63,0.2216,63,True,0.1403,3.4316,0.2323,0.1992,0.5129,0.3278,0.31,0.2434,0.1923,3,0,181450.0,0.0,181450.0,True,False,buy,27.0
US,ABR,Arbor Realty Trust,Real Estate,US-SF,2022-09-29,2022,5,-0.1409,-2.669,0.1766,0.1221,0.0501,-0.0261,-0.1664,True,-0.0012,-0.0367,0.1689,0.1444,2,True,-0.0012,-0.0367,0.1689,0.1444,2.0,0.1641,0.38,True,0.1641,21,0.1988,55,0.1766,63,0.1766,63,0.1766,63,0.1766,63,0.1766,63,0.1766,63,True,0.1403,3.4316,0.2409,0.2034,0.5129,0.3278,0.31,0.2434,0.2049,2,0,183131.8,0.0,183131.8,True,False,buy,21.0
US,ABR,Arbor Realty Trust,Real Estate,US-SF,2023-03-14,2023,4,-0.1572,-4.2,0.2094,0.1422,0.3703,0.3344,0.0431,True,0.4159,0.3692,0.1754,0.1057,4,True,0.4159,0.3692,0.1754,0.1057,4.0,0.1865,0.5028,True,0.1865,59,0.3738,106,-0.0512,2,-0.0809,6,-0.1056,7,-0.1205,18,0.2094,63,0.2094,63,True,0.1109,3.431,0.2088,0.1724,0.4981,1.6812,0.1911,0.1229,0.1936,0,0,0.0,0.0,0.0,False,False,none,59.0
US,ABR,Arbor Realty Trust,Real Estate,US-SF,2024-07-12,2024,1,-0.17,-7.705,0.229,0.2103,0.0846,0.0631,0.1176,True,0.0575,0.0428,0.1626,0.1409,1,True,0.0561,0.0563,0.1472,0.1539,2.0,0.2048,0.2539,True,0.2048,48,0.134,111,0.229,63,0.229,63,0.229,63,0.229,63,0.229,63,0.229,63,True,0.1191,3.0132,0.192,0.1501,0.5166,0.328,0.1563,0.0779,0.1711,8,0,202554.09,0.0,202554.09,True,False,buy,48.0
US,ABR,Arbor Realty Trust,Real Estate,US-SF,2025-02-21,2025,1,-0.1329,-10.521,-0.2078,-0.1396,0.0778,0.0019,0.0825,True,0.0706,-0.0163,-0.1287,-0.0919,2,True,0.0706,-0.0163,-0.1287,-0.0919,2.0,0.1533,0.0778,False,-0.2078,63,-0.2078,63,-0.0907,31,-0.0907,31,-0.1235,32,-0.1235,32,-0.2078,63,-0.2078,63,True,0.0875,2.3681,0.1383,0.0941,0.4217,0.7355,0.1104,0.0465,0.173,8,0,238583.79,0.0,238583.79,True,False,buy,
US,ABR,Arbor Realty Trust,Real Estate,US-SF,2025-05-05,2025,3,-0.1136,-2.634,0.1865,0.076,0.0127,-0.2203,-0.1866,True,-0.0268,-0.2507,0.162,0.0419,1,True,-0.1191,-0.2884,0.1193,0.012,6.0,0.1282,0.2863,True,0.1282,45,0.1758,110,-0.0863,12,-0.0863,12,-0.1024,13,0.1865,63,0.1865,63,0.1865,63,True,0.0875,2.3681,0.1568,0.1133,0.4217,0.7355,0.1104,0.0465,0.196,2,0,74661.62,0.0,74661.62,True,False,buy,45.0
US,ABR,Arbor Realty Trust,Real Estate,US-SF,2025-10-31,2025,1,-0.1264,-7.784,-0.218,-0.2862,-0.15,-0.2975,0.0998,True,-0.1924,-0.3532,-0.1571,-0.2405,3,False,,,,,,0.1447,-0.0277,False,-0.218,63,-0.218,63,-0.0565,2,-0.0852,5,-0.1001,9,-0.1544,11,-0.218,63,-0.218,63,True,0.0875,2.3681,0.1505,0.1095,0.4217,0.7355,0.1104,0.0465,0.1597,12,0,2237153.49,0.0,2237153.49,True,False,buy,
US,ABR,Arbor Realty Trust,Real Estate,US-SF,2026-05-08,2026,1,-0.1175,-4.596,,,,,-0.08,True,,,,,3,True,,,,,6.0,0.1332,-0.0763,False,-0.2603,47,-0.2603,47,-0.0763,1,-0.1886,2,-0.1886,2,-0.1886,2,-0.2503,19,-0.2603,47,True,0.0504,2.1654,0.1105,0.0668,0.1229,0.3273,0.2248,-0.107,0.1714,6,0,662159.35,0.0,662159.35,True,False,buy,
US,ABT,Abbott Laboratories,Healthcare,US-SF,2016-04-29,2016,4,-0.1161,-3.407,0.1575,0.0787,0.0487,-0.0035,0.0243,True,0.0178,-0.0314,0.1711,0.0756,4,False,,,,,,0.1314,0.1714,True,0.1314,62,0.0607,92,-0.0501,40,0.1575,63,0.1575,63,0.1575,63,0.1575,63,0.1575,63,True,0.2085,0.2976,0.0793,0.0363,0.2168,0.091,-0.1031,-0.001,0.0312,0,51,0.0,21717472.92,-21717472.92,False,True,sell,62.0
US,ABT,Abbott Laboratories,Healthcare,US-SF,2020-03-20,2020,2,-0.1421,-4.148,0.3391,-0.0601,0.5842,0.0685,-0.0438,True,0.516,0.1508,0.3156,0.003,2,True,0.327,0.0231,0.1266,-0.1004,6.0,0.1656,0.6499,True,0.1656,6,0.3269,29,-0.0762,1,0.3391,63,0.3391,63,0.3391,63,0.3391,63,0.3391,63,True,0.1186,0.5835,0.0351,-0.0079,0.1156,0.141,0.0952,0.0665,0.0219,0,23,0.0,54257792.31,-54257792.31,False,True,sell,6.0
US,ABT,Abbott Laboratories,Healthcare,US-SF,2021-06-01,2021,4,-0.1065,-3.919,0.195,0.2075,0.2195,0.2425,0.076,True,0.1856,0.2286,0.1866,0.1971,1,True,0.1695,0.2274,0.1711,0.1677,2.0,0.1192,0.2468,True,0.1192,24,0.1209,85,0.195,63,0.195,63,0.195,63,0.195,63,0.195,63,0.195,63,True,0.1371,0.5718,0.027,0.0108,0.1299,0.1654,0.1114,-0.0318,0.0169,1,23,249900.0,49550618.62,-49300718.62,True,True,sell,24.0
US,ABT,Abbott Laboratories,Healthcare,US-SF,2026-01-22,2026,1,-0.1004,-9.369,-0.1432,-0.1639,,,-0.0306,True,,,-0.1415,-0.1898,2,True,,,-0.1415,-0.1898,2.0,0.1116,0.0713,False,-0.1432,63,-0.1432,63,-0.062,46,-0.1155,58,-0.1155,58,-0.1409,61,-0.1432,63,-0.1432,63,True,0.2812,0.2963,0.0718,0.0293,0.3195,0.1514,0.0563,0.2996,0.0224,0,2,0.0,949792.22,-949792.22,False,True,sell,
US,ABX,"Abacus Global Management, Inc.",Financial Services,US-SF,2025-06-04,2025,1,-0.2147,-7.677,0.0867,-0.0473,0.1785,-0.0187,-0.0545,True,0.1738,-0.0087,0.1025,-0.0207,2,True,0.1738,-0.0087,0.1025,-0.0207,2.0,0.2733,0.1917,False,0.0867,63,0.0867,63,-0.075,9,-0.085,11,-0.115,14,-0.2267,16,0.0867,63,0.0867,63,False,-0.0565,0.8978,-0.0429,-0.0866,-0.2141,-1.8728,2.0919,1.1732,0.0,5,4,142099.18,2425600.0,-2283500.82,True,True,sell,
US,ACA,Arcosa Inc,Industrials,US-SF,2020-03-19,2020,2,-0.1796,-3.662,0.3755,0.0273,0.512,0.055,0.0703,True,0.4606,-0.0551,0.312,-0.0872,1,True,0.4606,-0.0551,0.312,-0.0872,1.0,0.2189,0.5886,True,0.2189,5,0.252,19,0.3755,63,0.3755,63,0.3755,63,0.3755,63,0.3755,63,0.3755,63,True,0.0633,0.0579,0.078,0.035,0.0652,0.1574,-0.0509,-0.023,0.0067,0,0,0.0,0.0,0.0,False,False,none,5.0
US,ACA,Arcosa Inc,Industrials,US-SF,2021-02-25,2021,1,-0.1586,-6.333,0.1009,0.0785,-0.0937,-0.1115,0.4873,True,-0.0906,-0.0914,0.1047,0.1074,2,True,-0.0906,-0.0914,0.1047,0.1074,2.0,0.1885,0.1681,False,0.1009,63,0.1009,63,0.1009,63,0.1009,63,0.1009,63,0.1009,63,0.1009,63,0.1009,63,True,0.0563,0.1345,0.0386,0.0234,0.0551,0.0919,-0.0199,-0.0327,0.0035,0,0,0.0,0.0,0.0,False,False,none,
US,ACA,Arcosa Inc,Industrials,US-SF,2025-03-04,2025,3,-0.1315,-4.529,0.1074,0.0962,0.2045,0.0744,-0.0105,True,0.1947,0.0619,0.0665,0.0676,1,True,0.1947,0.0619,0.0665,0.0676,1.0,0.1514,0.2616,False,0.1074,63,0.1074,63,-0.0515,22,-0.0899,23,-0.1116,25,0.1074,63,0.1074,63,0.1074,63,True,0.0386,0.6955,0.0242,-0.0179,0.0365,0.1215,0.0815,-0.0385,0.0025,1,0,526200.0,0.0,526200.0,True,False,buy,
US,ACA,Arcosa Inc,Industrials,US-SF,2026-02-27,2026,1,-0.157,-8.801,0.1798,0.0708,,,0.2907,True,,,0.148,0.0539,1,True,,,0.1142,-0.0099,2.0,0.1863,0.3532,True,0.1863,46,0.0913,56,-0.0633,15,0.1798,63,0.1798,63,0.1798,63,0.1798,63,0.1798,63,True,0.0795,0.5807,0.0398,0.0001,0.0723,0.0609,0.083,0.1407,0.0019,0,0,0.0,0.0,0.0,False,False,none,46.0
US,ACCO,Acco Brands Corporation,Industrials,US-SF,2012-08-09,2012,1,-0.1474,-5.609,-0.0572,-0.0474,0.117,-0.0257,-0.2195,True,0.0818,-0.0417,-0.0804,-0.0352,5,True,0.0818,-0.0417,-0.0804,-0.0352,5.0,0.1729,0.1928,False,-0.0572,63,-0.0572,63,-0.0718,2,-0.1011,3,-0.1011,3,-0.1303,4,-0.0572,63,-0.0572,63,True,-0.916,-10.8045,0.1225,0.0795,0.043,0.0368,-0.0754,0.5077,0.0,4,2,228178.5,153599.04,74579.46,True,True,buy,
US,ACCO,Acco Brands Corporation,Industrials,US-SF,2013-10-30,2013,1,-0.1693,-8.478,-0.0136,-0.0365,0.0238,0.0027,0.0975,True,0.0233,0.0231,-0.0533,-0.0401,3,True,0.0233,0.0231,-0.0533,-0.0401,3.0,0.2038,0.1681,False,-0.0136,63,-0.0136,63,-0.0136,63,-0.0136,63,-0.0136,63,-0.0136,63,-0.0136,63,-0.0136,63,True,0.1805,1.6752,0.3184,0.2754,0.0656,-0.0215,-0.0193,1.1255,0.0,3,7,126970.0,542176.44,-415206.44,True,True,sell,
US,ACCO,Acco Brands Corporation,Industrials,US-SF,2014-01-27,2014,4,-0.1437,-2.605,0.0188,0.0283,0.0377,0.0272,-0.0173,True,0.0186,0.0156,-0.0068,0.0085,1,True,0.1321,0.124,-0.0277,-0.0018,12.0,0.1678,0.1438,False,0.0188,63,0.0188,63,0.0188,63,0.0188,63,0.0188,63,0.0188,63,0.0188,63,0.0188,63,True,0.1805,1.6752,0.3211,0.2781,0.0656,-0.0215,-0.0193,1.1255,0.0,4,11,101522.18,814091.96,-712569.78,True,True,sell,
US,ACCO,Acco Brands Corporation,Industrials,US-SF,2016-08-03,2016,2,-0.1066,-3.866,0.0984,0.1271,0.2575,0.1381,0.8279,True,0.255,0.1451,0.08,0.1404,2,False,,,,,,0.1193,0.3618,True,0.1193,58,0.2426,112,-0.0626,29,-0.0845,50,0.0984,63,0.0984,63,0.0984,63,0.0984,63,True,0.1478,2.4794,0.1388,0.0958,0.0569,0.0951,0.0257,0.287,0.0,0,0,0.0,0.0,0.0,False,False,none,58.0
US,ACCO,Acco Brands Corporation,Industrials,US-SF,2017-05-08,2017,4,-0.1162,-2.812,-0.1076,-0.1237,0.0239,-0.0503,0.2793,True,0.0158,-0.041,-0.1383,-0.1364,2,True,0.0158,-0.041,-0.1383,-0.1364,2.0,0.1315,0.0478,False,-0.1076,63,-0.1076,63,-0.0757,7,-0.0876,9,-0.1036,10,-0.1594,60,-0.1076,63,-0.1076,63,True,0.1348,0.9824,0.1237,0.0807,0.0613,0.0947,0.0338,-0.032,0.0,0,8,0.0,2391809.04,-2391809.04,False,True,sell,
US,ACCO,Acco Brands Corporation,Industrials,US-SF,2017-08-02,2017,5,-0.1208,-3.143,0.237,0.1735,0.128,0.0098,-0.0909,True,0.0698,-0.0313,0.1814,0.1191,1,True,0.0275,-0.0282,0.1743,0.1147,2.0,0.1374,0.2891,True,0.1374,39,0.1801,91,0.237,63,0.237,63,0.237,63,0.237,63,0.237,63,0.237,63,True,0.1348,0.9824,0.1471,0.1041,0.0613,0.0947,0.0338,-0.032,0.0,0,6,0.0,1861831.7,-1861831.7,False,True,sell,39.0
US,ACCO,Acco Brands Corporation,Industrials,US-SF,2018-10-30,2018,1,-0.2026,-14.006,0.1215,0.1246,0.0934,0.0221,-0.1324,True,0.0947,0.0262,0.1373,0.1332,1,True,0.0095,-0.0147,0.0788,0.0948,2.0,0.2541,0.1824,False,0.1215,63,0.1215,63,-0.0546,25,-0.085,26,-0.1129,28,-0.1231,30,0.1215,63,0.1215,63,True,0.1701,1.2045,0.2655,0.2225,0.0676,0.0892,0.0208,0.0344,0.0335,0,2,0.0,471515.72,-471515.72,False,True,sell,
US,ACCO,Acco Brands Corporation,Industrials,US-SF,2019-10-30,2019,1,-0.1124,-4.218,-0.0245,-0.0507,-0.1863,0.0123,0.1527,True,-0.2559,-0.0649,-0.0468,-0.0915,1,True,-0.3002,-0.1015,-0.04,-0.0824,2.0,0.1267,0.1641,False,-0.0245,63,-0.0245,63,-0.0245,63,-0.0245,63,-0.0245,63,-0.0245,63,-0.0245,63,-0.0245,63,True,0.1351,1.1175,0.1864,0.1434,0.055,0.0828,0.0192,0.0907,0.0387,0,8,0.0,2876810.44,-2876810.44,False,True,sell,
US,ACCO,Acco Brands Corporation,Industrials,US-SF,2020-03-13,2020,2,-0.2388,-6.929,0.2332,0.0865,0.1707,-0.0666,-0.2694,True,0.2853,-0.1048,0.4584,0.1459,2,True,0.2848,-0.0223,0.4075,0.1559,8.0,0.3138,0.4249,True,0.3138,31,0.2405,35,-0.1101,1,-0.1101,1,-0.1101,1,-0.2468,3,-0.2617,5,0.2332,63,True,0.138,1.0474,0.3032,0.2602,0.0546,0.0875,0.0297,0.0642,0.0485,0,2,0.0,1837412.5,-1837412.5,False,True,sell,31.0
US,ACCO,Acco Brands Corporation,Industrials,US-SF,2020-10-30,2020,5,-0.1817,-2.866,0.6076,0.2092,0.7235,0.2622,0.0061,True,0.605,0.1761,0.5085,0.1316,1,True,0.605,0.1761,0.5085,0.1316,1.0,0.222,0.7933,True,0.222,6,0.466,20,0.6076,63,0.6076,63,0.6076,63,0.6076,63,0.6076,63,0.6076,63,True,0.138,1.0474,0.3033,0.2947,0.0546,0.0875,0.0297,0.0642,0.0681,0,0,0.0,0.0,0.0,False,False,none,6.0
US,ACCO,Acco Brands Corporation,Industrials,US-SF,2023-02-15,2023,2,-0.1072,-2.918,-0.0541,0.041,-0.0241,0.0324,-0.0696,True,-0.0614,-0.0188,-0.0808,0.0002,1,True,-0.0614,-0.0188,-0.0808,0.0002,1.0,0.1201,0.1176,False,-0.0541,63,-0.0541,63,-0.0505,15,-0.0935,17,-0.1258,21,-0.1258,21,-0.0541,63,-0.0541,63,True,0.1178,1.153,0.2478,0.2097,0.0503,0.0683,0.054,0.0378,0.0673,2,0,108100.0,0.0,108100.0,True,False,buy,
US,ACCO,Acco Brands Corporation,Industrials,US-SF,2024-02-23,2024,1,-0.1308,-6.047,-0.0705,-0.0862,0.0203,-0.0798,0.3259,True,-0.0217,-0.1149,-0.1088,-0.1289,1,True,0.0045,-0.0027,-0.0651,-0.0382,10.0,0.1505,0.043,False,-0.0705,63,-0.0705,63,-0.0695,32,-0.0859,34,-0.1023,36,-0.1204,37,-0.0705,63,-0.0705,63,False,-0.0277,1.1676,-0.0507,-0.0933,-0.0119,0.0627,-0.0114,0.0062,0.0644,0,0,0.0,0.0,0.0,False,False,none,
US,ACCO,Acco Brands Corporation,Industrials,US-SF,2025-02-21,2025,1,-0.1739,-7.588,-0.1866,-0.1184,-0.0698,-0.1457,0.0586,True,-0.0806,-0.1675,-0.1787,-0.142,2,True,-0.0771,-0.1689,-0.1928,-0.1439,3.0,0.2105,0.057,False,-0.1866,63,-0.1866,63,-0.0663,26,-0.1042,29,-0.1042,29,-0.1354,30,-0.1866,63,-0.1866,63,False,-0.1676,1.377,-0.2734,-0.3176,-0.061,0.0794,-0.0315,-0.0192,0.0745,0,1,0.0,104838.02,-104838.02,False,True,sell,
US,ACCO,Acco Brands Corporation,Industrials,US-SF,2026-03-11,2026,4,-0.1269,-3.239,0.1918,0.0768,,,0.0469,True,,,0.3633,0.1704,8,True,,,0.4788,0.272,14.0,0.1453,0.2961,True,0.1453,36,0.1442,81,-0.0769,3,-0.0855,4,-0.1282,5,-0.1282,5,0.1918,63,0.1918,63,True,0.0621,1.2591,0.1334,0.0913,0.0271,0.0333,-0.0163,-0.0738,0.0894,0,0,0.0,0.0,0.0,False,False,none,36.0
