market,ticker,name,sector,exchange,date,year,window_len,raw,z,avg_daily_value,fwd_3m,excess_3m,fwd_6m,excess_6m,momentum_6m,up1_conf,up1_fwd6m,up1_exc6m,up1_fwd3m,up1_exc3m,up1_days,confirmed_conf,confirmed_fwd6m,confirmed_exc6m,confirmed_fwd3m,confirmed_exc3m,confirmed_days,confirmed_fwd15d,confirmed_exc15d,confirmed_fwd21d,confirmed_exc21d,confirmed_fwd30d,confirmed_exc30d,confirmed_fwd42d,confirmed_exc42d,pre_drop_target_ret,mfe,recovered,days_to_recover,r_target,hold_target,r_trail,hold_trail,r_sl5,hold_sl5,r_sl8,hold_sl8,r_sl10,hold_sl10,r_sl12,hold_sl12,r_sl25,hold_sl25,r_sl30,hold_sl30,ce_trail,ce_trail_exc,ce_te15,ce_te15_exc,ce_te21,ce_te21_exc,ce_te30,ce_te30_exc,ce_te42,ce_te42_exc,ce_rec_days,profitable,roe,de,market_cap,earnings_yield,ey_minus_bond,npat_margin,fcf_margin,rev_growth,eps_growth,div_yield,insider_buy_n,insider_sell_n,insider_buy_val,insider_sell_val,insider_net_val,director_buy,director_sell,director_buy_val,insider_signal
US,ACH,Accendra Health Inc,Healthcare,US-SF,2022-10-12,2022,1,-0.3497,-11.856,20697753.0,0.3073,0.1937,-0.0397,-0.1965,-0.4511,True,-0.0423,-0.1735,0.3188,0.2291,1.0,True,-0.0689,-0.2285,0.3424,0.2286,2.0,0.2437,0.1913,0.319,0.2146,0.2456,0.1393,0.3717,0.2566,0.5377,0.4887,False,,0.3073,63.0,0.3073,63.0,0.3073,63.0,0.3073,63.0,0.3073,63.0,0.3073,63.0,0.3073,63.0,0.3073,63.0,0.3424,0.2286,0.2437,0.1913,0.319,0.2146,0.2456,0.1393,0.3717,0.2566,-1.0,True,0.2361,1.0096,1150402080.0,0.1926,0.1536,0.0226,0.0076,0.0013,0.1006,0.0065,2,8,101760.0,6011916.21,-5910156.21,True,True,101760.0,sell
US,ACM,Aecom Technology Corporation,Industrials,US-SF,2020-03-09,2020,3,-0.2291,-7.461,68901697.0,0.1718,-0.0051,-0.0042,-0.2519,0.4313,True,-0.0548,-0.2108,0.1187,0.0059,1.0,False,,,,,,,,,,,,,,0.2972,0.1793,False,,0.1718,63.0,0.1718,63.0,-0.0553,2.0,-0.1993,3.0,-0.1993,3.0,-0.1993,3.0,-0.2795,5.0,-0.3818,7.0,,,,,,,,,,,,False,-0.0707,0.9221,4723821368.0,-0.0553,-0.0983,-0.0191,0.0496,0.103,-0.1476,0.0,1,2,8512000.0,2523046.4,5988953.6,True,True,8512000.0,buy
US,AFL,Aflac Incorporated,Financial Services,US-SF,2020-03-17,2020,5,-0.2313,-5.537,145474418.0,0.2489,0.0134,0.236,-0.1087,-0.2242,True,0.4205,0.0272,0.3908,0.0978,2.0,True,-0.015,-0.3225,-0.0347,-0.2669,6.0,-0.046,-0.1769,-0.012,-0.1579,-0.0234,-0.1873,-0.0056,-0.2141,0.3008,0.4077,True,55.0,0.3008,55.0,0.1924,60.0,-0.1619,1.0,-0.1619,1.0,-0.1619,1.0,-0.1619,1.0,0.2489,63.0,0.2489,63.0,-0.0212,-0.2339,-0.046,-0.1769,-0.012,-0.1579,-0.0234,-0.1873,-0.0056,-0.2141,49.0,True,0.1141,0.2213,13223427806.0,0.2499,0.2069,0.1481,0.2445,-0.0037,0.064,0.042,1,8,54080.0,3897804.91,-3843724.91,True,True,54080.0,sell
US,AGCO,AGCO Corporation,Industrials,US-SF,2011-08-08,2011,5,-0.246,-4.936,62774845.0,0.2916,0.1721,0.4648,0.2615,-0.0635,True,0.3495,0.1982,0.176,0.1005,1.0,False,,,,,,,,,,,,,,0.3263,0.5008,False,,0.2916,63.0,0.2916,63.0,-0.0953,39.0,-0.0953,39.0,0.2916,63.0,0.2916,63.0,0.2916,63.0,0.2916,63.0,,,,,,,,,,,,True,0.0829,0.1666,2019053849.0,0.1092,0.0662,0.032,0.0394,0.0482,0.4513,0.0,1,12,75049.35,4178209.8,-4103160.45,True,True,75049.35,sell
US,ALLY,Ally Financial Inc,Financial Services,US-SF,2020-03-19,2020,4,-0.3738,-6.492,101687530.0,0.5631,0.2701,1.0657,0.6724,-0.4064,True,1.0639,0.5975,0.6164,0.2229,2.0,True,0.7287,0.3739,0.374,0.0945,3.0,-0.0077,-0.145,0.0021,-0.1411,0.0036,-0.1603,0.1254,-0.0822,0.597,1.0657,True,53.0,0.597,53.0,0.6298,57.0,-0.0916,1.0,-0.0916,1.0,0.5631,63.0,0.5631,63.0,0.5631,63.0,0.5631,63.0,0.471,0.1675,-0.0077,-0.145,0.0021,-0.1411,0.0036,-0.1603,0.1254,-0.0822,50.0,True,0.119,2.744,3210675032.0,0.5342,0.4912,0.1484,0.0023,0.0325,0.1361,0.0664,2,3,452609.6,213378.66,239230.94,True,True,452609.6,buy
US,ASB,Associated Banc-Corp,Financial Services,US-SF,2020-03-09,2020,3,-0.2468,-9.57,17884936.0,0.3263,0.1494,0.103,-0.1447,-0.0646,True,-0.0243,-0.1803,0.2012,0.0884,1.0,True,-0.0225,-0.2548,0.0651,-0.0567,4.0,-0.1705,-0.0885,-0.0672,-0.117,-0.0462,-0.108,-0.1503,-0.1905,0.3277,0.3263,False,,0.3263,63.0,0.3263,63.0,-0.1085,7.0,-0.1085,7.0,-0.1085,7.0,-0.1654,10.0,0.3263,63.0,0.3263,63.0,0.0651,-0.0567,-0.1705,-0.0885,-0.0672,-0.117,-0.0462,-0.108,-0.1503,-0.1905,-1.0,True,0.0833,0.2808,1912539144.0,0.1709,0.1279,0.2116,0.3281,0.0849,0.1063,0.0691,7,18,530300.0,1401824.73,-871524.73,True,True,530300.0,sell
US,AVTR,Avantor Inc,Healthcare,US-SF,2025-10-29,2025,1,-0.2321,-7.275,159204380.0,-0.057,-0.064,-0.3126,-0.3619,0.1883,True,-0.319,-0.3802,-0.0821,-0.0934,2.0,True,-0.319,-0.3802,-0.0821,-0.0934,2.0,-0.0254,0.0093,-0.0152,-0.0136,-0.0457,-0.0422,-0.0305,-0.0331,0.3022,0.0881,False,,-0.057,63.0,-0.057,63.0,-0.0604,13.0,-0.082,28.0,-0.057,63.0,-0.057,63.0,-0.057,63.0,-0.057,63.0,-0.0821,-0.0934,-0.0254,0.0093,-0.0152,-0.0136,-0.0457,-0.0422,-0.0305,-0.0331,-1.0,True,0.1194,0.6809,7906307555.0,0.09,0.0494,0.1049,0.102,0.0235,0.7422,,4,1,2184000.0,39591.64,2144408.36,True,True,2184000.0,buy
US,AXP,American Express Company,Financial Services,US-SF,2020-03-18,2020,3,-0.2595,-4.523,457239451.0,0.4175,0.1191,0.4516,0.0398,-0.1571,True,0.3717,-0.0216,0.3329,0.0399,1.0,True,0.1835,-0.1712,0.1894,-0.09,4.0,0.0024,-0.1349,-0.0135,-0.1567,0.005,-0.1589,0.0687,-0.1389,0.3505,0.5499,True,48.0,0.3505,48.0,0.3444,59.0,-0.0649,3.0,0.4175,63.0,0.4175,63.0,0.4175,63.0,0.4175,63.0,0.4175,63.0,0.1796,-0.0471,0.0024,-0.1349,-0.0135,-0.1567,0.005,-0.1589,0.0687,-0.1389,44.0,True,0.293,2.7861,46261664603.0,0.1461,0.1031,0.1435,0.2545,0.0603,0.0777,0.0242,1,17,132870.0,13914188.52,-13781318.52,True,True,132870.0,sell
US,AZO,AutoZone Inc,Consumer Cyclical,US-SF,2020-03-16,2020,5,-0.2356,-7.061,294746807.0,0.314,0.0288,0.4585,0.0405,-0.0259,True,0.36,0.0152,0.247,0.0116,1.0,True,0.3464,0.0668,0.2897,0.1088,15.0,0.2061,0.1311,0.1797,0.1104,0.262,0.1647,0.3186,0.1196,0.3082,0.4687,True,48.0,0.3082,48.0,0.4585,126.0,-0.0503,2.0,-0.1447,4.0,-0.1447,4.0,-0.1447,4.0,0.314,63.0,0.314,63.0,0.2901,0.0749,0.2061,0.1311,0.1797,0.1104,0.262,0.1647,0.2901,0.0749,33.0,True,-0.9436,-3.0378,13898264472.0,0.1164,0.0734,0.1363,0.1376,0.046,0.1512,,4,54,1772000.0,66894438.32,-65122438.32,True,True,1772000.0,sell
US,BAC,Bank of America Corp,Financial Services,US-SF,2011-08-08,2011,3,-0.3176,-11.634,1321571650.0,-0.0018,-0.1213,0.2097,0.0064,-0.329,True,0.0732,-0.0782,-0.1503,-0.2258,1.0,True,0.131,-0.0288,-0.2308,-0.2397,12.0,0.0499,0.0232,-0.0962,-0.0612,-0.1005,-0.0897,-0.0374,-0.1025,0.4654,0.2888,False,,-0.0018,63.0,-0.0018,63.0,-0.068,32.0,-0.1495,39.0,-0.1495,39.0,-0.1495,39.0,-0.0018,63.0,-0.0018,63.0,-0.2308,-0.2397,0.0499,0.0232,-0.0962,-0.0612,-0.1005,-0.0897,-0.0374,-0.1025,-1.0,False,-0.0098,2.525,35207739153.0,-0.0636,-0.1066,-0.0213,0.7775,0.1292,-0.2458,0.008,2,0,231100.0,0.0,231100.0,True,False,231100.0,buy
US,BANC,"Banc of California, Inc.",Financial Services,US-SF,2020-03-09,2020,5,-0.229,-6.076,4816764.0,0.0894,-0.0875,0.0404,-0.2073,0.0809,True,-0.0454,-0.2014,0.0898,-0.023,1.0,True,-0.1294,-0.3618,-0.1262,-0.248,4.0,-0.4696,-0.3876,-0.2453,-0.2952,-0.1709,-0.2326,-0.2907,-0.3309,0.2969,0.0952,False,,0.0894,63.0,0.0894,63.0,-0.072,3.0,-0.1352,5.0,-0.1352,5.0,-0.1352,5.0,-0.3505,7.0,-0.3505,7.0,-0.1262,-0.248,-0.4696,-0.3876,-0.2453,-0.2952,-0.1709,-0.2326,-0.2907,-0.3309,-1.0,True,0.0262,0.8955,1607746057.0,0.0148,-0.0282,0.0589,0.173,0.0428,-0.0755,0.0296,2,0,427809.8,0.0,427809.8,True,False,427809.8,buy
US,BHC,Bausch Health Companies Inc,Healthcare,US-SF,2015-10-23,2015,5,-0.3458,-4.411,848686181.0,-0.1514,-0.0688,-0.6881,-0.6961,-0.1347,True,-0.7149,-0.7029,-0.2289,-0.1571,3.0,False,,,,,,,,,,,,,,0.5286,0.0199,False,,-0.1514,63.0,-0.1514,63.0,-0.0527,1.0,-0.1928,5.0,-0.1928,5.0,-0.1928,5.0,-0.3219,9.0,-0.3219,9.0,,,,,,,,,,,,True,0.1669,2.8895,43382930807.0,0.0203,-0.0227,0.1074,0.2225,0.5847,0.1826,0.0,12,8,7629838.29,954293181.72,-946663343.43,True,True,7629838.29,sell
US,BILL,Bill Com Holdings Inc,Technology,US-SF,2025-02-07,2025,1,-0.3552,-11.115,200423210.0,-0.2802,-0.2195,-0.3704,-0.428,1.1913,True,-0.3994,-0.4619,-0.2709,-0.2343,1.0,False,,,,,,,,,,,,,,0.5508,0.0457,False,,-0.2802,63.0,-0.2802,63.0,-0.0673,7.0,-0.0901,8.0,-0.1513,9.0,-0.1513,9.0,-0.2984,20.0,-0.3143,38.0,,,,,,,,,,,,False,-0.007,0.2211,6187944649.0,-0.0047,-0.0495,-0.0224,0.1999,0.6412,,,9,12,4477315.35,1342563.54,3134751.81,True,True,4477315.35,buy
US,BMI,Badger Meter Inc,Technology,US-SF,2026-04-17,2026,1,-0.2413,-9.991,61721726.0,0.2878,0.2433,,,-0.1449,True,,,0.0513,-0.0103,2.0,True,,,0.0513,-0.0103,2.0,-0.0484,-0.0961,-0.0234,-0.0756,0.0773,0.008,0.119,0.0611,0.3181,0.3127,False,,0.2878,63.0,0.2878,63.0,0.2878,63.0,0.2878,63.0,0.2878,63.0,0.2878,63.0,0.2878,63.0,0.2878,63.0,0.0513,-0.0103,-0.0484,-0.0961,-0.0234,-0.0756,0.0773,0.008,0.119,0.0611,-1.0,True,0.1986,0.0,3360881825.0,0.0421,-0.0003,0.1545,0.1851,0.1659,0.2324,0.0134,3,4,1255516.2,596002.08,659514.12,True,True,1255516.2,buy
US,CI,Cigna Corp,Healthcare,US-SF,2020-03-18,2020,5,-0.2367,-3.959,400431516.0,0.3421,0.0438,0.1797,-0.232,0.135,True,0.1534,-0.2399,0.2966,0.0036,1.0,True,0.0988,-0.256,0.3065,0.027,4.0,0.2405,0.1032,0.2519,0.1087,0.2461,0.0822,0.284,0.0763,0.3101,0.5103,True,20.0,0.3101,20.0,0.2449,23.0,-0.0899,3.0,-0.0899,3.0,0.3421,63.0,0.3421,63.0,0.3421,63.0,0.3421,63.0,0.2086,0.0904,0.2405,0.1032,0.2086,0.0904,0.2086,0.0904,0.2086,0.0904,16.0,True,0.1126,0.8237,34197056182.0,0.1493,0.1063,0.0332,0.0549,0.3448,0.1137,0.0003,2,14,1993190.0,20557560.59,-18564370.59,True,True,1993190.0,sell
US,CNMD,CONMED Corporation,Healthcare,US-SF,2020-03-12,2020,4,-0.2806,-9.033,28168580.0,0.05,-0.1602,0.315,-0.0311,-0.0462,True,0.2128,-0.0195,-0.0131,-0.135,1.0,True,0.5663,0.2115,0.495,0.2156,8.0,0.4384,0.3011,0.3542,0.211,0.3258,0.1619,0.5129,0.3053,0.3901,0.3272,False,,0.05,63.0,0.05,63.0,-0.1346,2.0,-0.1346,2.0,-0.1346,2.0,-0.1346,2.0,-0.3678,4.0,-0.3678,4.0,0.495,0.2156,0.4384,0.3011,0.3542,0.211,0.3258,0.1619,0.5129,0.3053,-1.0,True,0.0403,1.0821,1930734000.0,0.0148,-0.0282,0.03,0.0786,0.0539,-0.0415,0.0125,1,5,189260.0,2361646.38,-2172386.38,True,True,189260.0,sell
US,COHR,Coherent Inc,Technology,US-SF,2023-08-16,2023,1,-0.2987,-7.005,136112169.0,0.0746,0.0539,0.8353,0.6933,0.0955,True,0.7859,0.6405,0.0795,0.0492,1.0,True,0.6482,0.5095,0.0296,-0.0021,2.0,-0.047,-0.074,-0.1077,-0.1247,-0.0615,-0.0429,-0.0566,-0.044,0.4258,0.8911,False,,0.0746,63.0,0.0746,63.0,-0.0676,23.0,-0.0855,24.0,-0.1228,25.0,-0.1228,25.0,0.0746,63.0,0.0746,63.0,0.0296,-0.0021,-0.047,-0.074,-0.1077,-0.1247,-0.0615,-0.0429,-0.0566,-0.044,-1.0,True,0.0536,0.5248,6450228413.0,0.0364,-0.0062,0.0708,0.0298,0.2782,0.0294,0.0,1,22,299754.42,4730551.5,-4430797.08,True,True,299754.42,sell
US,CRC,California Resources Corp,Energy,US-SF,2025-04-04,2025,2,-0.2367,-7.5,42075034.0,0.3731,0.1462,0.5235,0.1951,-0.1164,True,0.448,0.2138,0.3241,0.1769,3.0,True,0.3583,0.1291,0.4429,0.2865,14.0,0.196,0.1176,0.1985,0.1268,0.2681,0.1811,0.2942,0.1827,0.3101,0.6885,True,40.0,0.3101,40.0,0.3566,81.0,-0.0698,2.0,0.3731,63.0,0.3731,63.0,0.3731,63.0,0.3731,63.0,0.3731,63.0,0.3265,0.1975,0.196,0.1176,0.1985,0.1268,0.3265,0.1975,0.3265,0.1975,26.0,True,0.1063,0.32,2975339543.0,0.1264,0.0865,0.1272,0.1184,0.0189,-0.3482,0.044,2,8,79615.02,6653800.58,-6574185.56,True,True,79615.02,sell
US,CRL,Charles River Laboratories,Healthcare,US-SF,2025-04-10,2025,1,-0.2813,-10.148,178492327.0,0.5812,0.3913,0.6711,0.4273,-0.265,True,0.596,0.3669,0.4535,0.2948,2.0,True,0.596,0.3669,0.4535,0.2948,2.0,0.0826,0.0455,0.3035,0.2135,0.2781,0.1889,0.402,0.2963,0.3914,0.7908,True,19.0,0.3914,19.0,0.4986,68.0,0.5812,63.0,0.5812,63.0,0.5812,63.0,0.5812,63.0,0.5812,63.0,0.5812,63.0,0.4052,0.2387,0.0826,0.0455,0.4052,0.2387,0.4052,0.2387,0.4052,0.2387,17.0,True,0.003,0.6472,4814364614.0,0.0021,-0.0418,0.0025,0.1239,0.0909,-0.4751,,2,4,1251685.57,2362418.25,-1110732.68,True,True,1251685.57,sell
US,CVEO,Civeo Corp,Consumer Cyclical,US-SF,2014-09-29,2014,1,-0.4959,-25.847,32220982.0,-0.3483,-0.4053,-0.7998,-0.8454,,True,-0.764,-0.8261,-0.6678,-0.7258,2.0,False,,,,,,,,,,,,,,0.9836,0.0319,False,,-0.3483,63.0,-0.3483,63.0,-0.0958,1.0,-0.0958,1.0,-0.141,26.0,-0.141,26.0,-0.2576,43.0,-0.3293,49.0,,,,,,,,,,,,True,0.1143,0.2107,1549495205.0,0.1174,0.0744,0.1747,0.0439,-0.0611,-0.2568,0.011,2,0,250170.0,0.0,250170.0,True,False,250170.0,buy
US,CVX,Chevron Corp,Energy,US-SF,2020-03-18,2020,3,-0.3401,-7.483,672609132.0,0.6873,0.389,0.4689,0.0572,-0.2981,True,0.4131,0.0198,0.6255,0.3325,1.0,True,0.3555,-0.0847,0.5484,0.2044,2.0,0.4297,0.2316,0.3746,0.1874,0.5397,0.3063,0.5889,0.2997,0.5154,0.9029,True,15.0,0.5154,15.0,0.6473,59.0,0.6873,63.0,0.6873,63.0,0.6873,63.0,0.6873,63.0,0.6873,63.0,0.6873,63.0,0.5269,0.2244,0.5269,0.2244,0.5269,0.2244,0.5269,0.2244,0.5269,0.2244,13.0,True,0.0203,0.187,83289612951.0,0.0351,-0.0079,0.0209,0.0944,-0.0695,-0.3131,0.1162,5,13,789611.93,13309739.2,-12520127.27,True,True,789611.93,sell
US,CW,Curtiss-Wright Corporation,Industrials,US-SF,2020-03-12,2020,4,-0.2978,-9.665,29255997.0,0.0837,-0.1265,0.0959,-0.2502,-0.0411,True,-0.0163,-0.2486,0.002,-0.1198,1.0,False,,,,,,,,,,,,,,0.4241,0.3592,False,,0.0837,63.0,0.0837,63.0,-0.0544,4.0,-0.0874,6.0,-0.1047,7.0,0.0837,63.0,0.0837,63.0,0.0837,63.0,,,,,,,,,,,,True,0.1733,0.4287,3071635622.0,0.1001,0.0571,0.1236,0.1413,0.0209,0.2468,0.0079,1,20,54430.0,7008513.89,-6954083.89,True,True,54430.0,sell
US,CYH,Community Health Systems Inc,Healthcare,US-SF,2016-02-16,2016,1,-0.2206,-4.05,74325336.0,0.0639,-0.0264,-0.0796,-0.235,-0.6761,True,-0.1228,-0.2532,0.0774,0.0149,1.0,True,-0.1774,-0.3152,0.0196,-0.0481,2.0,0.0487,0.0113,0.0874,0.0187,0.2455,0.1647,0.2862,0.1908,0.283,0.4313,True,37.0,0.283,37.0,0.3104,52.0,0.0639,63.0,0.0639,63.0,0.0639,63.0,0.0639,63.0,0.0639,63.0,0.0639,63.0,0.2728,0.196,0.0487,0.0113,0.0874,0.0187,0.2455,0.1647,0.2728,0.196,35.0,True,0.023,4.2258,1688816335.0,0.0545,0.0115,0.0049,0.0409,0.0901,-0.2133,0.0,2,4,568700.0,8013303.86,-7444603.86,True,True,568700.0,sell
US,DINO,HF Sinclair Corp,Energy,US-SF,2025-04-08,2025,4,-0.2291,-5.177,99708002.0,0.8003,0.5399,1.0702,0.7148,-0.2244,True,0.8745,0.6402,0.6003,0.4532,1.0,True,0.8745,0.6402,0.6003,0.4532,1.0,0.093,0.066,0.1922,0.155,0.256,0.1854,0.3219,0.2152,0.2972,1.1358,True,21.0,0.2972,21.0,1.0702,126.0,0.8003,63.0,0.8003,63.0,0.8003,63.0,0.8003,63.0,0.8003,63.0,0.8003,63.0,0.8745,0.6402,0.093,0.066,0.8745,0.6402,0.8745,0.6402,0.8745,0.6402,20.0,True,0.0191,0.2843,4442076905.0,0.0398,-0.0028,0.0062,0.0224,0.1032,-0.2794,0.0812,8,0,1182254.8,0.0,1182254.8,True,False,1182254.8,buy
US,DOV,Dover Corporation,Industrials,US-SF,2020-03-18,2020,5,-0.2689,-6.004,94321418.0,0.4062,0.1079,0.6668,0.2551,-0.0067,True,0.6453,0.252,0.382,0.089,1.0,True,0.4529,0.0982,0.2748,-0.0047,4.0,0.1291,-0.0082,0.1775,0.0343,0.2091,0.0452,0.2011,-0.0065,0.3677,0.6668,True,29.0,0.3677,29.0,0.2416,38.0,-0.0534,2.0,0.4062,63.0,0.4062,63.0,0.4062,63.0,0.4062,63.0,0.4062,63.0,0.1606,-0.0122,0.1291,-0.0082,0.1775,0.0343,0.1606,-0.0122,0.1606,-0.0122,25.0,True,0.2235,1.0124,8661435615.0,0.0783,0.0353,0.095,0.1063,-0.0164,-0.0017,0.0303,3,9,196775.0,4601084.48,-4404309.48,True,True,196775.0,sell
US,DT,Dynatrace Holdings LLC,Technology,US-SF,2022-05-09,2022,3,-0.2273,-3.584,137807228.0,0.3123,0.2795,0.0573,0.1035,-0.44,True,0.1294,0.1227,0.3307,0.2416,3.0,True,0.1294,0.1227,0.3307,0.2416,3.0,0.2594,0.214,0.2013,0.2472,0.3101,0.3177,0.0882,0.1237,0.2942,0.381,True,17.0,0.2942,17.0,0.2246,24.0,-0.0567,2.0,0.3123,63.0,0.3123,63.0,0.3123,63.0,0.3123,63.0,0.3123,63.0,0.2013,0.2472,0.2013,0.2472,0.2013,0.2472,0.2013,0.2472,0.2013,0.2472,14.0,True,0.068,0.3519,9303905397.0,0.0081,-0.0227,0.1076,0.2933,0.1471,2.0852,,5,32,462850.0,18552776.78,-18089926.78,True,True,462850.0,sell
US,DVA,DaVita HealthCare Partners Inc,Healthcare,US-SF,2022-10-28,2022,1,-0.2709,-12.813,68423316.0,0.168,0.123,0.2523,0.1963,-0.1197,True,0.2075,0.151,0.1616,0.0978,1.0,False,,,,,,,,,,,,,,0.3716,0.2814,False,,0.168,63.0,0.168,63.0,-0.0726,8.0,0.168,63.0,0.168,63.0,0.168,63.0,0.168,63.0,0.168,63.0,,,,,,,,,,,,True,0.4127,3.7572,4527609900.0,0.2161,0.176,0.0842,0.111,-0.0465,0.1585,,1,1,1554000.0,226014.4,1327985.6,True,True,1554000.0,buy
US,DXC,DXC Technology Co,Technology,US-SF,2019-08-09,2019,1,-0.3047,-16.784,135125806.0,-0.1719,-0.2289,-0.109,-0.2575,-0.1946,True,-0.0555,-0.2103,-0.1318,-0.1867,2.0,True,-0.0515,-0.2182,0.1346,0.0626,5.0,0.1071,0.076,0.0241,-0.0164,-0.0658,-0.0963,-0.1174,-0.1524,0.4383,0.0647,False,,-0.1719,63.0,-0.1719,63.0,-0.0554,1.0,-0.1158,3.0,-0.1158,3.0,-0.1476,4.0,-0.2619,41.0,-0.1719,63.0,0.1346,0.0626,0.1071,0.076,0.0241,-0.0164,-0.0658,-0.0963,-0.1174,-0.1524,-1.0,True,0.1104,0.5521,5636713930.0,0.223,0.18,0.0606,0.059,0.0981,0.0048,0.0224,5,3,971715.16,2623297.93,-1651582.77,True,True,971715.16,sell
US,DXC,DXC Technology Co,Technology,US-SF,2026-05-11,2026,2,-0.2606,-5.342,37183978.0,,,,,-0.113,True,,,,,1.0,True,,,,,4.0,-0.0045,-0.0041,0.0324,0.0186,-0.0101,-0.0223,0.0593,0.0526,0.3525,0.1622,False,,0.0439,50.0,0.0439,50.0,-0.0743,2.0,0.0439,50.0,0.0439,50.0,0.0439,50.0,0.0439,50.0,0.0439,50.0,0.0369,0.0369,-0.0045,-0.0041,0.0324,0.0186,-0.0101,-0.0223,0.0593,0.0526,-1.0,True,0.0061,1.1486,1439272735.0,0.0125,-0.0316,0.0014,0.0819,-0.0491,-0.4863,0.0,3,3,500289.69,37881.0,462408.69,True,True,500289.69,buy
US,DY,Dycom Industries Inc,Industrials,US-SF,2018-08-13,2018,1,-0.241,-9.362,53980051.0,0.0803,0.0948,-0.0881,-0.0637,-0.1928,True,-0.1396,-0.1064,-0.0488,-0.0087,1.0,True,-0.4024,-0.3608,-0.2459,-0.1875,12.0,0.0473,0.0416,0.0424,0.0424,-0.0795,-0.0158,-0.17,-0.0764,0.3175,0.2483,False,,0.0803,63.0,0.0803,63.0,0.0803,63.0,0.0803,63.0,0.0803,63.0,0.0803,63.0,0.0803,63.0,0.0803,63.0,-0.2459,-0.1875,0.0473,0.0416,0.0424,0.0424,-0.0795,-0.0158,-0.17,-0.0764,-1.0,True,0.2169,1.0487,2043966406.0,0.0769,0.0339,0.0588,0.0207,0.2087,0.3415,,1,1,189620.0,284044.32,-94424.32,True,True,189620.0,sell
US,ELAN,Elanco Animal Health,Healthcare,US-SF,2020-03-18,2020,5,-0.2968,-6.544,154608990.0,0.2944,-0.004,0.6421,0.2303,-0.1501,True,0.5655,0.1722,0.2524,-0.0406,1.0,True,0.5166,0.0764,0.272,-0.072,2.0,0.3229,0.1247,0.3646,0.1773,0.3697,0.1364,0.1177,-0.1715,0.4221,0.7464,True,16.0,0.4221,16.0,0.3747,34.0,0.2944,63.0,0.2944,63.0,0.2944,63.0,0.2944,63.0,0.2944,63.0,0.2944,63.0,0.3103,0.0745,0.3103,0.0745,0.3103,0.0745,0.3103,0.0745,0.3103,0.0745,14.0,True,0.0122,0.4246,8330819044.0,0.0082,-0.0348,0.0221,0.0087,0.0136,-0.2343,,10,0,784915.8,0.0,784915.8,True,False,784915.8,buy
US,ELAN,Elanco Animal Health,Healthcare,US-SF,2025-04-08,2025,4,-0.2266,-5.01,54293054.0,0.8055,0.5451,1.4418,1.0864,-0.2668,True,1.1397,0.9054,0.5885,0.4414,1.0,True,1.1397,0.9054,0.5885,0.4414,1.0,0.0096,-0.0174,0.2751,0.2379,0.3507,0.2802,0.5245,0.4179,0.2929,1.497,True,20.0,0.2929,20.0,0.6423,78.0,0.8055,63.0,0.8055,63.0,0.8055,63.0,0.8055,63.0,0.8055,63.0,0.8055,63.0,0.4584,0.2967,0.0096,-0.0174,0.4584,0.2967,0.4584,0.2967,0.4584,0.2967,19.0,True,0.0554,0.7088,4160415026.0,0.0812,0.0386,0.0761,0.0888,0.0765,0.3042,,3,0,483500.0,0.0,483500.0,True,False,483500.0,buy
US,ELV,Elevance Health Inc,Healthcare,US-SF,2020-03-18,2020,3,-0.2344,-4.472,459121523.0,0.288,-0.0103,0.2824,-0.1294,0.0965,True,0.2655,-0.0892,0.3709,0.0914,4.0,True,0.2655,-0.0892,0.3709,0.0914,4.0,0.2725,0.1352,0.3287,0.1855,0.3748,0.2109,0.4078,0.2002,0.3062,0.4524,True,20.0,0.3062,20.0,0.2049,23.0,-0.0743,2.0,-0.156,3.0,-0.156,3.0,-0.156,3.0,0.288,63.0,0.288,63.0,0.2669,0.1487,0.2725,0.1352,0.2669,0.1487,0.2669,0.1487,0.2669,0.1487,16.0,True,0.1515,0.633,41113993250.0,0.1169,0.0739,0.0461,0.0478,0.0711,0.1525,0.0177,2,8,2004152.0,12133440.25,-10129288.25,True,True,2004152.0,sell
US,ESNT,Essent Group Ltd,Financial Services,US-SF,2020-03-19,2020,4,-0.2795,-6.281,29651416.0,0.355,0.062,0.3916,-0.0017,-0.2175,True,0.6894,0.3347,0.7575,0.478,3.0,True,0.456,0.1484,0.4417,0.2095,4.0,-0.0199,-0.1508,-0.0069,-0.1528,0.1777,0.0139,0.3331,0.1245,0.3879,0.5199,True,54.0,0.3879,54.0,0.3576,57.0,-0.2647,2.0,-0.2647,2.0,-0.2647,2.0,-0.2647,2.0,-0.2647,2.0,0.355,63.0,0.4973,0.2086,-0.0199,-0.1508,-0.0069,-0.1528,0.1777,0.0139,0.3331,0.1245,50.0,True,0.1862,0.1503,2208194477.0,0.2517,0.2087,0.6405,0.676,0.2936,0.4121,0.0192,2,11,85080.0,4021766.97,-3936686.97,True,True,85080.0,sell
US,F,Ford Motor Company,Consumer Cyclical,US-SF,2020-03-18,2020,5,-0.2373,-4.781,342741043.0,0.4067,0.1083,0.56,0.1482,-0.3526,True,0.3697,0.0149,0.2424,-0.0371,4.0,True,0.3697,0.0149,0.2424,-0.0371,4.0,0.0161,-0.1212,-0.0121,-0.1553,-0.0162,-0.1801,0.1414,-0.0662,0.3111,0.6733,True,48.0,0.3111,48.0,0.5133,58.0,-0.1089,3.0,-0.1089,3.0,-0.1089,3.0,0.4067,63.0,0.4067,63.0,0.4067,63.0,0.3757,0.0722,0.0161,-0.1212,-0.0121,-0.1553,-0.0162,-0.1801,0.1414,-0.0662,44.0,True,0.0014,1.6398,13052658248.0,0.0036,-0.0394,0.0003,0.0642,0.0159,-0.4801,0.1799,5,6,403000.0,1304750.0,-901750.0,True,True,403000.0,sell
US,FHN,First Horizon Corporation,Financial Services,US-SF,2011-08-10,2011,5,-0.2292,-6.04,25006551.0,0.1053,-0.0331,0.4021,0.1958,-0.2386,True,0.3377,0.1928,0.0002,-0.048,1.0,False,,,,,,,,,,,,,,0.2973,0.4035,False,,0.1053,63.0,0.1053,63.0,-0.0606,8.0,-0.0814,21.0,-0.1169,34.0,-0.1658,37.0,0.1053,63.0,0.1053,63.0,,,,,,,,,,,,True,0.0187,1.3405,2139577101.0,0.0235,-0.0195,0.0289,0.4183,-0.1175,-0.4192,0.0044,5,0,126420.0,0.0,126420.0,True,False,126420.0,buy
US,FNB,F.N.B. Corp,Financial Services,US-SF,2020-03-09,2020,5,-0.2229,-6.839,17877443.0,0.1823,0.0054,-0.0298,-0.2775,0.0225,True,-0.1597,-0.3157,0.0397,-0.073,1.0,True,-0.1522,-0.3845,-0.0898,-0.2116,4.0,-0.2124,-0.1303,-0.091,-0.1408,-0.0992,-0.1609,-0.2695,-0.3097,0.2869,0.1823,False,,0.1823,63.0,0.1823,63.0,-0.0747,3.0,-0.1212,5.0,-0.1212,5.0,-0.1212,5.0,-0.3146,7.0,-0.3146,7.0,-0.0898,-0.2116,-0.2124,-0.1303,-0.091,-0.1408,-0.0992,-0.1609,-0.2695,-0.3097,-1.0,True,0.0793,0.7362,2285395342.0,0.1693,0.1263,0.2511,0.1382,0.184,0.0788,0.0748,5,0,196200.0,0.0,196200.0,True,False,196200.0,buy
US,GHC,Graham Holdings Co,Industrials,US-SF,2020-03-17,2020,5,-0.2864,-8.612,15140856.0,0.0252,-0.2103,0.2942,-0.0506,-0.3259,True,0.3519,-0.0414,0.0381,-0.2549,2.0,True,0.1897,-0.1179,-0.044,-0.2761,6.0,-0.0077,-0.1386,0.0282,-0.1177,0.0244,-0.1395,0.0571,-0.1514,0.4014,0.3129,False,,0.0252,63.0,0.0252,63.0,-0.1876,1.0,-0.1876,1.0,-0.1876,1.0,-0.1876,1.0,0.0252,63.0,0.0252,63.0,-0.044,-0.2761,-0.0077,-0.1386,0.0282,-0.1177,0.0244,-0.1395,0.0571,-0.1514,-1.0,True,0.0988,0.1545,1070313430.0,0.3063,0.2633,0.1118,0.0244,0.0139,-0.2279,0.0176,4,0,225189.06,0.0,225189.06,True,False,225189.06,buy
US,GNW,Genworth Financial Inc,Financial Services,US-SF,2012-04-18,2012,1,-0.2377,-7.582,76716699.0,-0.1278,-0.1188,-0.029,-0.0793,0.3118,True,-0.0414,-0.1024,-0.1623,-0.162,1.0,True,-0.0413,-0.0984,-0.2096,-0.1981,2.0,-0.0347,-0.0164,-0.1584,-0.113,-0.1667,-0.0939,-0.0957,-0.0791,0.3118,0.0477,False,,-0.1278,63.0,-0.1278,63.0,-0.063,19.0,-0.1295,20.0,-0.1295,20.0,-0.1295,20.0,-0.1278,63.0,-0.1278,63.0,-0.2096,-0.1981,-0.0347,-0.0164,-0.1584,-0.113,-0.1667,-0.0939,-0.0957,-0.0791,-1.0,True,0.0023,0.1968,2248264333.0,0.0169,-0.0261,0.0038,0.3149,-0.0071,-0.5192,0.0,9,1,476620.92,149494.14,327126.78,True,True,476620.92,buy
US,GPN,Global Payments Inc,Industrials,US-SF,2020-03-18,2020,3,-0.2222,-5.079,329702509.0,0.3463,0.048,0.3093,-0.1025,0.0318,True,0.2763,-0.0784,0.2561,-0.0234,4.0,True,0.2763,-0.0784,0.2561,-0.0234,4.0,-0.0032,-0.1405,0.0427,-0.1005,0.2044,0.0405,0.2515,0.0439,0.2856,0.4104,True,35.0,0.2856,35.0,0.2417,68.0,-0.1156,2.0,-0.1156,2.0,-0.1156,2.0,-0.1374,3.0,0.3463,63.0,0.3463,63.0,0.1831,-0.0633,-0.0032,-0.1405,0.0427,-0.1005,0.2044,0.0405,0.1831,-0.0633,31.0,True,0.0155,0.3442,34879149617.0,0.0123,-0.0307,0.0877,0.2206,0.1397,-0.0469,0.0032,3,11,296350.25,39165366.3,-38869016.05,True,True,296350.25,sell
US,GTES,Gates Industrial Corporation plc,Industrials,US-SF,2020-03-16,2020,4,-0.34,-6.37,4466171.0,0.7047,0.4195,0.8299,0.4119,-0.0407,True,0.8894,0.4777,0.6919,0.3936,2.0,True,0.8894,0.4777,0.6919,0.3936,2.0,0.2306,0.0839,0.2401,0.0414,0.357,0.1426,0.5276,0.2959,0.5152,0.9872,True,44.0,0.5152,44.0,0.6501,61.0,0.7047,63.0,0.7047,63.0,0.7047,63.0,0.7047,63.0,0.7047,63.0,0.7047,63.0,0.624,0.3721,0.2306,0.0839,0.2401,0.0414,0.357,0.1426,0.624,0.3721,42.0,True,0.2603,1.116,1577131789.0,0.4376,0.3946,0.2235,0.0861,0.0029,1.9995,,15,0,9188799.5,0.0,9188799.5,True,False,65900.0,buy
US,HASI,Hannon Armstrong Sustainable Infrastructure Capital Inc,Financial Services,US-SF,2020-03-12,2020,4,-0.2788,-8.0,11987851.0,0.1012,-0.109,0.6383,0.2922,0.2979,True,1.2178,0.8245,0.6383,0.3453,5.0,True,1.1663,0.6998,0.5864,0.1929,7.0,0.4071,0.135,0.4385,0.1874,0.5318,0.2497,0.6311,0.3133,0.3866,0.7123,False,,0.1012,63.0,0.1012,63.0,-0.2372,2.0,-0.2372,2.0,-0.2372,2.0,-0.2372,2.0,-0.3626,4.0,-0.3626,4.0,0.5864,0.1929,0.4071,0.135,0.4385,0.1874,0.5318,0.2497,0.6311,0.3133,-1.0,True,0.0868,1.4821,2419376420.0,0.0337,-0.0093,0.3964,0.1433,0.3536,0.2413,0.0708,4,3,99490.73,1211611.5,-1112120.77,True,True,99490.73,sell
US,HD,The Home Depot Inc,Consumer Cyclical,US-SF,2020-03-17,2020,5,-0.2255,-5.273,1046147595.0,0.4481,0.2126,0.6632,0.3184,-0.0246,True,0.7571,0.3638,0.5559,0.2629,2.0,True,0.696,0.2296,0.5435,0.15,4.0,0.2758,0.0037,0.2573,0.0061,0.3893,0.1073,0.4833,0.1655,0.2912,0.6913,True,34.0,0.2912,34.0,0.6632,126.0,-0.1037,1.0,-0.1037,1.0,-0.1037,1.0,-0.1238,3.0,0.4481,63.0,0.4481,63.0,0.696,0.2296,0.2758,0.0037,0.2573,0.0061,0.696,0.2296,0.696,0.2296,30.0,True,-5.9217,-15.5495,148638388976.0,0.0748,0.0318,0.1028,0.0991,0.0654,0.2029,0.0374,2,6,1240424.7,30527017.28,-29286592.58,True,True,1240424.7,sell
US,HE,Hawaiian Electric Industries Inc,Utilities,US-SF,2020-03-20,2020,2,-0.2598,-7.474,22147893.0,-0.0846,-0.4285,-0.157,-0.5971,0.2227,True,-0.1396,-0.4944,-0.0775,-0.3569,2.0,False,,,,,,,,,,,,,,0.3509,0.1553,False,,-0.0846,63.0,-0.0846,63.0,-0.1302,1.0,-0.1302,1.0,-0.1302,1.0,-0.1302,1.0,-0.0846,63.0,-0.0846,63.0,,,,,,,,,,,,True,0.0941,0.9289,5936731947.0,0.0367,-0.0063,0.0758,0.0191,-0.0237,0.04,0.0375,3,1,69820219.12,1855600.0,67964619.12,True,True,69820219.12,buy
US,HIG,Hartford Financial Services Group,Financial Services,US-SF,2020-03-16,2020,4,-0.3064,-8.24,110680794.0,0.2299,-0.0553,0.1798,-0.2382,-0.1901,True,0.1415,-0.2518,0.2397,-0.0533,3.0,True,0.1415,-0.2518,0.2397,-0.0533,3.0,0.2494,0.0915,0.1527,-0.019,0.0647,-0.1101,0.0245,-0.1887,0.4418,0.4048,False,,0.2299,63.0,0.2299,63.0,-0.2164,2.0,-0.2164,2.0,-0.2164,2.0,-0.2164,2.0,0.2299,63.0,0.2299,63.0,0.2397,-0.0533,0.2494,0.0915,0.1527,-0.019,0.0647,-0.1101,0.0245,-0.1887,-1.0,True,0.1281,0.298,8016873592.0,0.2601,0.2171,0.1017,0.165,0.0196,0.2599,0.0419,2,14,747500.0,6077787.56,-5330287.56,True,True,747500.0,sell
US,HIMS,Hims Hers Health Inc,Healthcare,US-SF,2024-11-14,2024,1,-0.2446,-4.621,231253112.0,2.2969,2.2641,1.9357,1.9372,0.9942,True,1.5498,1.5585,1.3478,1.3275,2.0,True,1.5498,1.5585,1.3478,1.3275,2.0,0.4707,0.4467,0.3602,0.3638,0.2006,0.2048,0.4159,0.3832,0.3237,2.2969,True,7.0,0.3237,7.0,0.4806,17.0,-0.0734,1.0,2.2969,63.0,2.2969,63.0,2.2969,63.0,2.2969,63.0,2.2969,63.0,0.4707,0.4467,0.4707,0.4467,0.4707,0.4467,0.4707,0.4467,0.4707,0.4467,5.0,False,-0.0684,0.0,4651219501.0,-0.0051,-0.0492,-0.027,0.0539,1.0085,,,3,125,2083660.0,87646766.84,-85563106.84,True,True,2083660.0,sell
US,HIMS,Hims Hers Health Inc,Healthcare,US-SF,2025-02-21,2025,1,-0.2579,-3.475,574697005.0,0.086,0.1145,-0.0956,-0.171,3.0103,True,-0.1622,-0.2384,0.0686,0.0988,1.0,False,,,,,,,,,,,,,,0.3476,0.3429,False,,0.086,63.0,0.086,63.0,-0.1912,2.0,-0.1912,2.0,-0.1912,2.0,-0.1912,2.0,-0.3022,9.0,-0.3022,9.0,,,,,,,,,,,,False,-0.0684,0.0,10993385948.0,-0.0021,-0.0463,-0.027,0.0539,1.0085,,,2,158,132260.0,94751796.8,-94619536.8,True,True,132260.0,sell
US,HUM,Humana Inc,Healthcare,US-SF,2020-03-18,2020,5,-0.2487,-3.885,392635474.0,0.5443,0.246,0.6245,0.2128,0.1898,True,0.5575,0.1641,0.4828,0.1898,1.0,True,0.6586,0.3039,0.6346,0.3551,4.0,0.5137,0.3763,0.5673,0.4241,0.6055,0.4416,0.6887,0.4811,0.3311,0.7414,True,15.0,0.3311,15.0,0.5181,59.0,-0.0648,2.0,-0.1304,3.0,-0.1304,3.0,-0.1304,3.0,0.5443,63.0,0.5443,63.0,0.5993,0.3726,0.5993,0.3726,0.5993,0.3726,0.5993,0.3726,0.5993,0.3726,11.0,True,0.2249,0.4894,27877776042.0,0.0971,0.0541,0.0417,0.07,0.0601,0.2214,0.0095,4,15,1281027.4,31505549.51,-30224522.11,True,True,1281027.4,sell
US,HXL,Hexcel Corporation,Industrials,US-SF,2020-03-11,2020,5,-0.2396,-5.991,59302723.0,-0.1688,-0.3324,-0.2841,-0.524,-0.1716,True,-0.2382,-0.4705,-0.1591,-0.2809,2.0,True,-0.19,-0.4976,0.0375,-0.1947,10.0,-0.269,-0.3999,-0.2978,-0.4437,-0.2923,-0.4562,-0.1393,-0.3479,0.3152,-0.0394,False,,-0.1688,63.0,-0.1688,63.0,-0.0818,1.0,-0.0818,1.0,-0.2403,3.0,-0.2403,3.0,-0.2574,4.0,-0.4068,5.0,0.0375,-0.1947,-0.269,-0.3999,-0.2978,-0.4437,-0.2923,-0.4562,-0.1393,-0.3479,-1.0,True,0.212,0.7327,3830396057.0,0.08,0.037,0.1302,0.1218,0.0489,0.1087,0.013,1,1,1119200.0,243838.4,875361.6,True,True,1119200.0,buy
US,IBM,International Business Machines,Technology,US-SF,2026-07-14,2026,1,-0.2521,-8.139,2186778752.0,,,,,-0.0287,True,,,,,2.0,True,,,,,2.0,,,,,,,,,0.337,0.0091,False,,-0.048,7.0,-0.048,7.0,-0.0521,6.0,-0.048,7.0,-0.048,7.0,-0.048,7.0,-0.048,7.0,-0.048,7.0,-0.0566,-0.04,-0.0566,-0.04,-0.0566,-0.04,-0.0566,-0.04,-0.0566,-0.04,-1.0,True,0.3245,1.8764,204020897730.0,0.0519,0.0061,0.1569,0.1714,-0.0171,0.1233,0.031,3,0,417156.72,0.0,417156.72,True,False,417156.72,buy
US,JPM,JPMorgan Chase & Co,Financial Services,US-SF,2020-03-09,2020,5,-0.2311,-7.693,1337091430.0,0.2268,0.0499,0.1303,-0.1174,0.1287,True,0.0123,-0.1437,0.1091,-0.0036,1.0,True,-0.0076,-0.24,-0.0289,-0.1507,4.0,-0.1827,-0.1007,-0.0714,-0.1212,-0.0799,-0.1417,-0.1829,-0.2231,0.3005,0.2268,False,,0.2268,63.0,0.2268,63.0,-0.0577,3.0,-0.1022,7.0,-0.1022,7.0,-0.1542,10.0,0.2268,63.0,0.2268,63.0,-0.0289,-0.1507,-0.1827,-0.1007,-0.0714,-0.1212,-0.0799,-0.1417,-0.1829,-0.2231,-1.0,True,0.1394,0.6813,208890659700.0,0.1744,0.1314,0.2556,0.0287,0.0671,0.1487,0.0433,3,16,9085694.0,52051480.89,-42965786.89,True,True,9085694.0,sell
US,KFY,Korn Ferry,Industrials,US-SF,2018-09-07,2018,1,-0.2345,-12.291,26451254.0,-0.1068,-0.0237,-0.0438,-0.0159,0.3215,True,-0.0826,-0.0596,-0.1484,-0.0652,1.0,False,,,,,,,,,,,,,,0.3063,0.0474,False,,-0.1068,63.0,-0.1068,63.0,-0.0563,23.0,-0.0819,24.0,-0.116,33.0,-0.1068,63.0,-0.1068,63.0,-0.1068,63.0,,,,,,,,,,,,True,0.11,0.1942,2191829900.0,0.061,0.018,0.0735,0.0973,0.1645,0.2838,0.0093,1,18,100600.0,6960577.29,-6859977.29,True,True,100600.0,sell
US,KMX,CarMax Inc,Consumer Cyclical,US-SF,2025-11-06,2025,1,-0.2433,-8.472,215526259.0,0.5045,0.4682,0.2655,0.1625,-0.3805,True,0.1808,0.0809,0.4163,0.3846,1.0,True,0.1149,0.0253,0.3774,0.3615,2.0,0.1642,0.1647,0.2394,0.2315,0.1564,0.1451,0.3444,0.3232,0.3216,0.5894,True,23.0,0.3216,23.0,0.2354,31.0,0.5045,63.0,0.5045,63.0,0.5045,63.0,0.5045,63.0,0.5045,63.0,0.5045,63.0,0.1474,0.1406,0.1642,0.1647,0.1474,0.1406,0.1474,0.1406,0.1474,0.1406,21.0,True,0.0802,2.9923,4382214644.0,0.1142,0.0733,0.019,0.0059,0.0534,-0.0896,,2,1,590947.36,108785.6,482161.76,True,True,590947.36,buy
US,KNSL,Kinsale Capital Group Inc,Financial Services,US-SF,2020-03-16,2020,3,-0.266,-5.459,25185269.0,0.8269,0.5417,1.2664,0.8484,0.1764,True,0.963,0.6182,0.5969,0.3614,1.0,True,0.9158,0.5225,0.5488,0.2558,3.0,0.148,-0.0099,0.1518,-0.0199,0.2156,0.0408,0.393,0.1799,0.3624,1.4926,True,31.0,0.3624,31.0,0.723,72.0,0.8269,63.0,0.8269,63.0,0.8269,63.0,0.8269,63.0,0.8269,63.0,0.8269,63.0,0.4765,0.2276,0.148,-0.0099,0.1518,-0.0199,0.4765,0.2276,0.4765,0.2276,28.0,True,0.156,0.0825,1921762438.0,0.0329,-0.0101,0.2004,0.5025,0.3776,0.2645,0.004,4,29,845815.46,5770332.48,-4924517.02,True,True,845815.46,sell
US,KVYO,"Klaviyo, Inc.",Technology,US-SF,2026-05-11,2026,4,-0.3348,-3.759,99499764.0,,,,,-0.1027,True,,,,,3.0,True,,,,,6.0,-0.0129,-0.0011,-0.0986,-0.1186,0.1497,0.132,0.1905,0.1693,0.5032,0.183,False,,0.0097,50.0,0.0097,50.0,-0.0689,1.0,-0.0825,2.0,-0.1082,25.0,-0.1327,26.0,0.0097,50.0,0.0097,50.0,0.066,0.0585,-0.0129,-0.0011,-0.0986,-0.1186,0.1497,0.132,0.1905,0.1693,-1.0,False,-0.0265,0.0,2186721719.0,-0.0145,-0.0586,-0.0257,0.1536,0.4355,,,1,66,300310.82,87911531.38,-87611220.56,True,True,300310.82,sell
US,LCII,LCI Industries,Consumer Cyclical,US-SF,2020-03-19,2020,4,-0.2489,-3.826,12421011.0,0.8846,0.5916,0.7163,0.323,-0.094,True,0.6781,0.3234,0.7965,0.517,3.0,True,0.6781,0.3234,0.7965,0.517,3.0,0.058,-0.0793,0.1771,0.0339,0.26,0.0961,0.4625,0.2548,0.3313,1.0947,True,26.0,0.3313,26.0,0.274,31.0,-0.0654,1.0,-0.0911,11.0,0.8846,63.0,0.8846,63.0,0.8846,63.0,0.8846,63.0,0.2311,0.0695,0.058,-0.0793,0.1771,0.0339,0.2311,0.0695,0.2311,0.0695,23.0,True,0.183,0.7878,1228176004.0,0.1193,0.0763,0.0618,0.0891,0.1477,0.1797,0.0515,2,4,1743900.0,2003379.32,-259479.32,True,True,1743900.0,sell
US,LOW,Lowe's Companies Inc,Consumer Cyclical,US-SF,2020-03-16,2020,1,-0.2477,-9.48,453492465.0,0.7698,0.4847,1.2977,0.8797,-0.1447,True,1.3128,0.9681,0.7957,0.5602,1.0,True,0.9128,0.6053,0.5856,0.3534,7.0,0.1042,-0.0267,0.1864,0.0405,0.3446,0.1808,0.4848,0.2763,0.3292,1.3714,True,20.0,0.3292,20.0,1.1753,121.0,-0.1043,2.0,-0.1043,2.0,-0.1043,2.0,0.7698,63.0,0.7698,63.0,0.7698,63.0,0.8861,0.5018,0.8861,0.5018,0.8861,0.5018,0.8861,0.5018,0.8861,0.5018,13.0,True,0.635,4.452,36099789000.0,0.0641,0.0211,0.0325,0.0704,0.0595,0.052,0.0331,1,2,1038600.0,1363264.0,-324664.0,True,True,1038600.0,sell
US,MCD,McDonald’s Corporation,Consumer Cyclical,US-SF,2020-03-17,2020,5,-0.2614,-7.429,664957887.0,0.2979,0.0624,0.5253,0.1805,-0.0684,True,0.5075,0.1142,0.2759,-0.0171,2.0,True,0.5075,0.1142,0.2759,-0.0171,2.0,0.2288,0.0709,0.2151,0.0433,0.2218,0.0469,0.2011,-0.012,0.3539,0.5253,True,57.0,0.3539,57.0,0.2567,69.0,-0.0699,1.0,0.2979,63.0,0.2979,63.0,0.2979,63.0,0.2979,63.0,0.2979,63.0,0.2409,-0.0251,0.2288,0.0709,0.2151,0.0433,0.2218,0.0469,0.2011,-0.012,55.0,True,-0.7339,-4.1627,90733729712.0,0.0664,0.0234,0.282,0.2681,-0.0488,0.1024,0.0377,5,3,1622352.8,4198430.36,-2576077.56,True,True,1622352.8,sell
US,MGY,Magnolia Oil & Gas Corp,Energy,US-SF,2025-04-08,2025,4,-0.2379,-6.485,59957584.0,0.2159,-0.0445,0.245,-0.1105,0.0652,True,0.0853,-0.1489,0.0847,-0.0624,1.0,True,0.0853,-0.1489,0.0847,-0.0624,1.0,-0.0461,-0.0731,-0.0054,-0.0426,-0.0113,-0.0819,0.0679,-0.0387,0.3122,0.306,False,,0.2159,63.0,0.2159,63.0,0.2159,63.0,0.2159,63.0,0.2159,63.0,0.2159,63.0,0.2159,63.0,0.2159,63.0,0.0847,-0.0624,-0.0461,-0.0731,-0.0054,-0.0426,-0.0113,-0.0819,0.0679,-0.0387,-1.0,True,0.1913,0.2051,4498161510.0,0.0814,0.0388,0.2782,0.3299,0.0691,0.457,0.0284,1,0,55150.0,0.0,55150.0,True,False,55150.0,buy
US,MHK,Mohawk Industries Inc,Consumer Cyclical,US-SF,2018-10-26,2018,1,-0.2386,-10.712,213413695.0,0.0935,0.0851,0.1766,0.077,-0.305,True,0.1681,0.0635,0.1076,0.0838,1.0,True,0.1222,0.0242,0.0391,0.0301,2.0,0.0053,0.0205,0.0278,0.0072,-0.0463,-0.0344,-0.0431,0.0213,0.3133,0.2444,False,,0.0935,63.0,0.0935,63.0,0.0935,63.0,0.0935,63.0,0.0935,63.0,0.0935,63.0,0.0935,63.0,0.0935,63.0,0.0391,0.0301,0.0053,0.0205,0.0278,0.0072,-0.0463,-0.0344,-0.0431,0.0213,-1.0,True,0.1376,0.3927,7011440269.0,0.1386,0.0956,0.1024,0.0303,0.104,0.2923,,10,3,51556594.63,5578316.0,45978278.63,True,True,51556594.63,buy
US,MS,Morgan Stanley,Financial Services,US-SF,2011-08-08,2011,5,-0.2319,-4.962,275045984.0,-0.0204,-0.1399,0.1903,-0.0131,-0.2387,True,0.1289,-0.0224,-0.068,-0.1436,1.0,True,0.1245,-0.0552,-0.2207,-0.2229,13.0,-0.0191,-0.068,-0.1288,-0.132,-0.1509,-0.1476,-0.0149,-0.0751,0.302,0.2049,False,,-0.0204,63.0,-0.0204,63.0,-0.0537,8.0,-0.0847,10.0,-0.1046,20.0,-0.1209,24.0,-0.2716,39.0,-0.0204,63.0,-0.2207,-0.2229,-0.0191,-0.068,-0.1288,-0.132,-0.1509,-0.1476,-0.0149,-0.0751,-1.0,True,0.0822,3.364,19080464400.0,0.2465,0.2035,0.1315,1.0933,-0.0501,-0.0672,0.0165,5,2,3803700.0,189784.52,3613915.48,True,True,3803700.0,buy
US,MTDR,Matador Resources Company,Energy,US-SF,2025-04-04,2025,2,-0.2652,-8.361,69515260.0,0.3741,0.1471,0.1844,-0.1439,0.0677,True,0.0653,-0.1689,0.2423,0.0952,3.0,True,0.0653,-0.1689,0.2423,0.0952,3.0,-0.0473,-0.0743,0.0133,-0.0239,0.0335,-0.0371,0.1361,0.0295,0.3609,0.3793,True,63.0,0.3609,63.0,0.2552,81.0,0.3741,63.0,0.3741,63.0,0.3741,63.0,0.3741,63.0,0.3741,63.0,0.3741,63.0,0.1335,-0.0097,-0.0473,-0.0743,0.0133,-0.0239,0.0335,-0.0371,0.1361,0.0295,60.0,True,0.174,0.6534,4588844947.0,0.1929,0.1531,0.2545,0.0805,0.2761,0.5646,0.0261,30,0,1815192.64,0.0,1815192.64,True,False,1815192.64,buy
US,MUR,Murphy Oil Corporation,Energy,US-SF,2025-04-04,2025,2,-0.2359,-7.493,68700765.0,0.1769,-0.05,0.4147,0.0863,-0.116,True,0.3147,0.0804,0.1573,0.0102,3.0,True,0.3147,0.0804,0.1573,0.0102,3.0,-0.0893,-0.1163,-0.0569,-0.0941,-0.0808,-0.1514,0.0413,-0.0653,0.3087,0.4147,False,,0.1769,63.0,0.1769,63.0,-0.121,2.0,-0.121,2.0,-0.121,2.0,-0.121,2.0,0.1769,63.0,0.1769,63.0,0.1573,0.0102,-0.0893,-0.1163,-0.0569,-0.0941,-0.0808,-0.1514,0.0413,-0.0653,-1.0,True,0.0784,0.2455,3017451235.0,0.1349,0.0951,0.1349,0.2719,0.0139,-0.1787,0.0582,5,1,2927449.1,269310.4,2658138.7,True,True,2927449.1,buy
US,MWA,Mueller Water Products,Industrials,US-SF,2020-03-16,2020,5,-0.2512,-6.193,9167170.0,0.1808,-0.1044,0.4222,0.0042,-0.0129,True,0.3234,-0.0214,0.1327,-0.1028,1.0,True,0.3258,-0.029,0.1142,-0.1652,6.0,0.0537,-0.0836,0.0464,-0.0968,0.0598,-0.1041,0.07,-0.1376,0.3355,0.4968,True,57.0,0.3355,57.0,0.1703,61.0,-0.0531,4.0,-0.0816,5.0,0.1808,63.0,0.1808,63.0,0.1808,63.0,0.1808,63.0,0.1032,-0.1235,0.0537,-0.0836,0.0464,-0.0968,0.0598,-0.1041,0.07,-0.1376,51.0,True,0.1081,0.7563,1095031552.0,0.0583,0.0153,0.0659,0.0061,-0.0396,0.0301,0.0299,1,7,109000.0,1428293.76,-1319293.76,True,True,109000.0,sell
US,NE,Noble Corporation plc,Energy,US-SF,2025-04-04,2025,2,-0.2383,-6.948,51755104.0,0.6715,0.4446,0.7414,0.413,-0.306,True,0.6473,0.3209,0.6101,0.3728,1.0,True,0.4399,0.2056,0.4491,0.302,3.0,0.0637,0.0367,0.1226,0.0854,0.0972,0.0266,0.3852,0.2786,0.3129,0.8155,True,25.0,0.3129,25.0,0.4817,57.0,0.6715,63.0,0.6715,63.0,0.6715,63.0,0.6715,63.0,0.6715,63.0,0.6715,63.0,0.2867,0.1554,0.0637,0.0367,0.1226,0.0854,0.2867,0.1554,0.2867,0.1554,22.0,True,0.0964,0.4257,2676782075.0,0.1675,0.1276,0.1466,0.0262,0.1856,0.1869,0.1132,13,6,71696357.21,3002344.03,68694013.18,True,True,1053786.16,buy
US,NSP,Insperity Inc,Industrials,US-SF,2019-11-04,2019,1,-0.337,-10.73,40179281.0,0.2773,0.194,-0.2819,-0.2072,-0.1053,True,-0.2401,-0.1899,0.2569,0.1703,3.0,False,,,,,,,,,,,,,,0.5084,0.3189,False,,0.2773,63.0,0.2773,63.0,0.2773,63.0,0.2773,63.0,0.2773,63.0,0.2773,63.0,0.2773,63.0,0.2773,63.0,,,,,,,,,,,,True,1.7433,1.859,2191059907.0,0.0618,0.0188,0.0354,0.039,0.1116,0.3848,0.0192,1,17,243375.0,5277247.04,-5033872.04,True,True,243375.0,sell
US,NSP,Insperity Inc,Industrials,US-SF,2025-08-01,2025,1,-0.2435,-9.88,30789107.0,-0.0359,-0.1296,-0.0154,-0.1338,-0.2293,True,-0.1467,-0.2396,-0.0759,-0.1566,1.0,True,-0.1716,-0.2642,-0.1002,-0.1879,2.0,0.0584,0.032,0.11,0.0777,0.0243,-0.0235,-0.0154,-0.0815,0.3219,0.2476,False,,-0.0359,63.0,-0.0359,63.0,-0.0359,63.0,-0.0359,63.0,-0.0359,63.0,-0.0359,63.0,-0.0359,63.0,-0.0359,63.0,-0.1002,-0.1879,0.0584,0.032,0.11,0.0777,0.0243,-0.0235,-0.0154,-0.0815,-1.0,True,0.9381,3.8041,1597907001.0,0.0569,0.0147,0.0138,0.0732,0.0881,-0.1025,0.0573,1,7,150491.25,4969272.85,-4818781.6,True,True,150491.25,sell
US,OC,Owens Corning Inc,Industrials,US-SF,2020-03-11,2020,5,-0.2473,-6.356,70609549.0,0.32,0.1563,0.5042,0.2643,0.0627,True,0.5654,0.333,0.2628,0.1409,2.0,False,,,,,,,,,,,,,,0.3285,0.601,True,60.0,0.3285,60.0,0.1721,64.0,-0.0846,1.0,-0.0846,1.0,-0.2241,3.0,-0.2241,3.0,-0.2804,5.0,0.32,63.0,,,,,,,,,,,,True,0.0875,0.6448,3169191994.0,0.1278,0.0848,0.0566,0.0824,0.063,0.1388,0.0234,1,7,234500.0,6313761.65,-6079261.65,True,True,234500.0,sell
US,OMF,OneMain Holdings Inc,Financial Services,US-SF,2020-03-16,2020,4,-0.2816,-4.559,15701856.0,0.0956,-0.1895,0.3877,-0.0303,-0.031,True,1.1067,0.7134,0.5625,0.2695,3.0,True,0.9106,0.4705,0.4387,0.0947,4.0,0.1406,-0.0576,-0.0005,-0.1878,0.2183,-0.0151,0.2062,-0.083,0.392,0.3877,False,,0.0956,63.0,0.0956,63.0,-0.1406,1.0,-0.1406,1.0,-0.1406,1.0,-0.1406,1.0,-0.4241,2.0,-0.4241,2.0,0.4387,0.0947,0.1406,-0.0576,-0.0005,-0.1878,0.2183,-0.0151,0.2062,-0.083,-1.0,True,0.1535,3.0896,1488928250.0,0.5742,0.5312,0.1826,0.5045,0.1062,0.092,0.433,8,0,1156102.13,0.0,1156102.13,True,False,1156102.13,buy
US,ORI,Old Republic International Corp,Financial Services,US-SF,2020-03-18,2020,1,-0.2228,-8.669,22248099.0,0.285,-0.0134,0.1977,-0.214,-0.2535,True,0.0856,-0.3077,0.1734,-0.1196,1.0,True,-0.0048,-0.2808,0.0553,-0.1071,8.0,-0.0169,-0.0587,0.0669,-0.0522,-0.0403,-0.133,0.0123,-0.1467,0.2867,0.4523,True,16.0,0.2867,16.0,0.206,22.0,-0.0523,3.0,0.285,63.0,0.285,63.0,0.285,63.0,0.285,63.0,0.285,63.0,0.0188,-0.056,0.0188,-0.056,0.0188,-0.056,0.0188,-0.056,0.0188,-0.056,8.0,True,0.0528,0.0487,1927267506.0,0.5481,0.5051,0.1464,0.1298,0.0546,0.2022,0.2287,11,0,968200.0,0.0,968200.0,True,False,968200.0,buy
US,PB,Prosperity Bancshares Inc,Financial Services,US-SF,2020-03-09,2020,1,-0.2214,-14.138,39870883.0,0.4725,0.2957,0.1553,-0.0924,-0.032,True,-0.0107,-0.1667,0.2926,0.1799,1.0,True,-0.0755,-0.3079,0.0994,-0.0224,4.0,-0.2081,-0.1261,-0.1058,-0.1556,-0.0374,-0.0992,-0.0486,-0.0888,0.2843,0.4725,True,54.0,0.2843,54.0,0.3513,65.0,-0.1121,10.0,-0.1121,10.0,-0.1121,10.0,0.4725,63.0,0.4725,63.0,0.4725,63.0,0.1579,-0.0188,-0.2081,-0.1261,-0.1058,-0.1556,-0.0374,-0.0992,-0.0486,-0.0888,50.0,True,0.0557,0.4571,4745250890.0,0.0701,0.0271,0.3562,0.4118,0.0263,-0.0183,0.0427,1,1,207720.0,127846.4,79873.6,True,True,207720.0,buy
US,PR,Permian Resources Corporation,Energy,US-SF,2025-04-04,2025,2,-0.2419,-7.675,111212677.0,0.355,0.1281,0.1985,-0.1299,0.064,True,0.1803,-0.1461,0.3125,0.0753,1.0,True,0.1009,-0.1334,0.204,0.0569,3.0,0.0185,-0.0085,0.0951,0.0579,0.0817,0.0111,0.181,0.0743,0.3191,0.3888,True,46.0,0.3191,46.0,0.2723,68.0,0.355,63.0,0.355,63.0,0.355,63.0,0.355,63.0,0.355,63.0,0.355,63.0,0.1513,0.0071,0.0185,-0.0085,0.0951,0.0579,0.0817,0.0111,0.181,0.0743,43.0,True,0.1078,0.4579,8569392763.0,0.1149,0.0751,0.1969,0.0583,0.3957,0.9298,0.0694,3,4,12645000.0,269730.54,12375269.46,True,True,12645000.0,buy
US,PRGO,Perrigo Company PLC,Healthcare,US-SF,2018-12-21,2018,1,-0.2928,-12.283,80453243.0,0.2863,0.12,0.2395,0.0322,-0.3012,True,0.1549,-0.0303,0.1693,0.0284,2.0,True,0.1549,-0.0303,0.1693,0.0284,2.0,0.1025,0.0343,0.1165,0.0451,0.1703,0.0729,0.1563,0.0247,0.414,0.4268,False,,0.2863,63.0,0.2863,63.0,0.2863,63.0,0.2863,63.0,0.2863,63.0,0.2863,63.0,0.2863,63.0,0.2863,63.0,0.1693,0.0284,0.1025,0.0343,0.1165,0.0451,0.1703,0.0729,0.1563,0.0247,-1.0,True,0.0194,0.5415,3945570798.0,0.0303,-0.0127,0.0242,0.1234,0.0692,-0.289,0.0267,7,0,2375729.95,0.0,2375729.95,True,False,2375729.95,buy
US,PRGO,Perrigo Company PLC,Healthcare,US-SF,2025-11-05,2025,1,-0.2521,-12.265,37461845.0,-0.009,-0.0291,-0.1896,-0.2783,-0.1629,True,-0.2078,-0.3035,0.0278,0.0298,4.0,False,,,,,,,,,,,,,,0.3371,0.0268,False,,-0.009,63.0,-0.009,63.0,-0.0563,3.0,-0.0874,7.0,-0.102,8.0,-0.151,10.0,-0.009,63.0,-0.009,63.0,,,,,,,,,,,,False,-0.0398,0.8376,1948674815.0,-0.0882,-0.1297,-0.0393,0.0559,0.0248,,0.0814,10,0,551016.51,0.0,551016.51,True,False,551016.51,buy
US,RAL,Ralliant Corporation Common Stock,Technology,US-SF,2026-02-05,2026,1,-0.3179,-18.334,66336433.0,0.1964,0.1172,,,0.2933,True,,,0.1964,0.1291,1.0,True,,,0.2048,0.1405,2.0,0.1117,0.133,0.1127,0.1398,0.0352,0.0938,0.104,0.1252,0.466,0.9217,False,,0.1964,63.0,0.1964,63.0,0.1964,63.0,0.1964,63.0,0.1964,63.0,0.1964,63.0,0.1964,63.0,0.1964,63.0,0.2048,0.1405,0.1117,0.133,0.1127,0.1398,0.0352,0.0938,0.104,0.1252,-1.0,True,0.0805,0.0,4288729759.0,0.0707,0.0286,0.1406,0.195,0.0154,-0.273,0.0026,1,0,90340.0,0.0,90340.0,True,False,90340.0,buy
US,REZI,Resideo Technologies Inc,Industrials,US-SF,2019-10-23,2019,1,-0.3762,-14.467,19991277.0,0.1979,0.1011,-0.5232,-0.4673,-0.2972,True,-0.4605,-0.4078,0.1966,0.1126,2.0,True,-0.5005,-0.4364,0.0598,-0.0098,6.0,0.0273,0.0056,-0.0273,-0.0524,0.2434,0.2002,0.277,0.2045,0.6032,0.3211,False,,0.1979,63.0,0.1979,63.0,-0.0505,13.0,0.1979,63.0,0.1979,63.0,0.1979,63.0,0.1979,63.0,0.1979,63.0,0.0598,-0.0098,0.0273,0.0056,-0.0273,-0.0524,0.2434,0.2002,0.277,0.2045,-1.0,True,0.2642,0.7834,1438549470.0,0.2815,0.2385,0.0839,0.0789,0.0513,0.5065,,16,3,438846.61,7055.63,431790.98,True,True,438846.61,buy
US,REZI,Resideo Technologies Inc,Industrials,US-SF,2025-11-06,2025,1,-0.2375,-7.234,60887270.0,0.1482,0.1118,0.1967,0.0937,1.1576,True,-0.1085,-0.1899,0.1267,0.1289,4.0,True,-0.1085,-0.1899,0.1267,0.1289,4.0,0.077,0.0761,0.1381,0.1415,0.1318,0.1202,0.1909,0.1798,0.3114,0.3213,False,,0.1482,63.0,0.1482,63.0,-0.0575,8.0,0.1482,63.0,0.1482,63.0,0.1482,63.0,0.1482,63.0,0.1482,63.0,0.1267,0.1289,0.077,0.0761,0.1381,0.1415,0.1318,0.1202,0.1909,0.1798,-1.0,True,0.0351,0.5993,4741156201.0,0.0245,-0.0165,0.0172,0.0538,0.0627,0.2142,,20,5,295120477.83,4091808.73,291028669.1,True,True,2011934.6,buy
US,RGA,Reinsurance Group of America,Financial Services,US-SF,2020-03-09,2020,3,-0.2281,-7.719,52822396.0,0.0433,-0.1336,-0.0152,-0.263,-0.1457,True,-0.0512,-0.2072,-0.0472,-0.16,1.0,True,0.5383,0.1835,0.2731,-0.0064,11.0,0.5283,0.391,0.5256,0.3824,0.3642,0.2003,0.4183,0.2106,0.2955,0.1252,False,,0.0433,63.0,0.0433,63.0,-0.1657,3.0,-0.1657,3.0,-0.1657,3.0,-0.1657,3.0,-0.2753,7.0,-0.3906,9.0,0.2731,-0.0064,0.5283,0.391,0.5256,0.3824,0.3642,0.2003,0.4183,0.2106,-1.0,True,0.075,0.3085,5683568251.0,0.1531,0.1101,0.0608,0.159,3.2029,3.2503,0.0311,1,7,288580.0,2535705.09,-2247125.09,True,True,288580.0,sell
US,SGI,Somnigroup International Inc.,Consumer Cyclical,US-SF,2016-09-28,2016,1,-0.224,-8.623,94541279.0,0.1864,0.1503,-0.1987,-0.2893,0.2328,True,-0.2018,-0.2897,0.2034,0.1708,2.0,False,,,,,,,,,,,,,,0.2887,0.203,False,,0.1864,63.0,0.1864,63.0,-0.0601,3.0,-0.086,7.0,-0.1009,9.0,0.1864,63.0,0.1864,63.0,0.1864,63.0,,,,,,,,,,,,False,-0.2025,0.0,2874013338.0,-0.0039,-0.0469,-0.021,0.1944,-0.0328,,0.0,6,4,3407915.96,8202878.0,-4794962.04,True,True,3407915.96,sell
US,SIG,Signet Jewelers Ltd,Consumer Cyclical,US-SF,2017-11-21,2017,1,-0.3039,-10.811,95349388.0,-0.0044,-0.0614,-0.1816,-0.2312,0.3119,True,-0.1831,-0.2309,-0.0174,-0.0877,1.0,False,,,,,,,,,,,,,,0.4366,0.0938,False,,-0.0044,63.0,-0.0044,63.0,-0.0566,2.0,-0.0044,63.0,-0.0044,63.0,-0.0044,63.0,-0.0044,63.0,-0.0044,63.0,,,,,,,,,,,,True,0.1751,0.4542,1730667771.0,0.3139,0.2709,0.0848,0.0625,0.1132,0.1765,0.027,1,0,100131.9,0.0,100131.9,True,False,100131.9,buy
US,THO,Thor Industries Inc,Consumer Cyclical,US-SF,2020-03-09,2020,1,-0.268,-10.532,52717863.0,1.1885,1.0116,0.8192,0.5715,0.5019,True,0.6471,0.4911,0.963,0.8502,1.0,False,,,,,,,,,,,,,,0.3661,1.3865,True,36.0,0.3661,36.0,0.2394,38.0,-0.1073,3.0,-0.1073,3.0,-0.1073,3.0,-0.2194,5.0,-0.3249,7.0,-0.3249,7.0,,,,,,,,,,,,True,0.0636,0.9081,2331483153.0,0.0572,0.0142,0.0169,0.048,0.1741,-0.0635,0.0353,1,0,588200.0,0.0,588200.0,True,False,588200.0,buy
US,TKR,Timken Company,Industrials,US-SF,2020-03-17,2020,5,-0.2281,-4.143,29874481.0,0.4944,0.2589,0.92,0.5752,-0.055,True,1.0219,0.6286,0.5622,0.2692,2.0,False,,,,,,,,,,,,,,0.2956,0.92,True,30.0,0.2956,30.0,0.1839,32.0,-0.2003,1.0,-0.2003,1.0,-0.2003,1.0,-0.2003,1.0,0.4944,63.0,0.4944,63.0,,,,,,,,,,,,True,0.1938,0.9261,1893016553.0,0.1913,0.1483,0.0955,0.1081,0.0426,0.1984,0.0411,1,20,61847.24,8521804.71,-8459957.47,True,True,61847.24,sell
US,TNET,TriNet Group Inc,Industrials,US-SF,2020-03-17,2020,5,-0.3,-4.456,23107068.0,0.4502,0.2147,0.6088,0.264,-0.1354,True,0.7739,0.3806,0.6248,0.3318,2.0,True,0.6905,0.2504,0.628,0.2841,3.0,0.1759,-0.0223,0.2329,0.0456,0.3335,0.1002,0.3504,0.0611,0.4286,0.8274,True,49.0,0.4286,49.0,0.3231,60.0,-0.2313,1.0,-0.2313,1.0,-0.2313,1.0,-0.2313,1.0,0.4502,63.0,0.4502,63.0,0.4076,0.1052,0.1759,-0.0223,0.2329,0.0456,0.3335,0.1002,0.3504,0.0611,46.0,True,0.4463,0.8232,1698816958.0,0.1248,0.0818,0.055,0.1105,0.1194,0.7028,0.0,41,64,99845600.69,15369337.32,84476263.37,True,True,99845600.69,buy
US,TPL,Texas Pacific Land Corporation,Energy,US-SF,2025-04-04,2025,2,-0.2245,-4.232,292025727.0,-0.0288,-0.2557,-0.0932,-0.4215,0.576,True,-0.1658,-0.4922,-0.0909,-0.3281,1.0,True,-0.2777,-0.5119,-0.1703,-0.3175,3.0,0.0337,0.0068,0.03,-0.0072,0.0122,-0.0584,-0.1285,-0.2351,0.2896,0.3258,True,27.0,0.2896,27.0,0.1853,33.0,-0.0288,63.0,-0.0288,63.0,-0.0288,63.0,-0.0288,63.0,-0.0288,63.0,-0.0288,63.0,0.0122,-0.0584,0.0337,0.0068,0.03,-0.0072,0.0122,-0.0584,0.0122,-0.0584,24.0,True,0.4009,0.0,24618442865.0,0.0184,-0.0214,0.6432,0.6531,0.0755,0.0742,0.0145,419,48,1288938.91,3551008.78,-2262069.87,True,True,1153425.55,sell
US,TPR,Tapestry Inc,Consumer Cyclical,US-SF,2019-08-15,2019,1,-0.222,-9.031,120781785.0,0.3597,0.2731,0.5462,0.3592,-0.2726,True,0.4494,0.2827,0.328,0.256,1.0,True,0.3767,0.2185,0.2965,0.2292,2.0,0.2194,0.2004,0.2199,0.1915,0.2403,0.2346,0.2325,0.2071,0.2853,0.56,True,17.0,0.2853,17.0,0.297,76.0,0.3597,63.0,0.3597,63.0,0.3597,63.0,0.3597,63.0,0.3597,63.0,0.3597,63.0,0.203,0.145,0.203,0.145,0.203,0.145,0.203,0.145,0.203,0.145,15.0,True,0.1831,0.4562,3306360722.0,0.1946,0.1516,0.1068,0.0859,0.0463,-0.0382,0.0825,1,1,210070.0,93414.97,116655.03,True,True,210070.0,buy
US,TRV,The Travelers Companies Inc,Financial Services,US-SF,2020-03-16,2020,4,-0.2883,-8.755,179471419.0,0.3586,0.0734,0.3642,-0.0538,-0.1886,True,0.1799,-0.1649,0.2128,-0.0227,1.0,True,0.2647,-0.1755,0.3109,-0.0331,4.0,0.1889,-0.0092,0.1371,-0.0502,0.0827,-0.1507,0.0674,-0.2219,0.4051,0.5041,True,57.0,0.4051,57.0,0.3077,61.0,0.3586,63.0,0.3586,63.0,0.3586,63.0,0.3586,63.0,0.3586,63.0,0.3586,63.0,0.2433,-0.0592,0.1889,-0.0092,0.1371,-0.0502,0.0827,-0.1507,0.0674,-0.2219,53.0,True,0.1011,0.2759,15606125441.0,0.168,0.125,0.083,0.1648,0.0305,-0.0192,0.0438,1,5,79421.8,2780240.58,-2700818.78,True,True,79421.8,sell
US,UGI,UGI Corporation,Utilities,US-SF,2020-03-18,2020,3,-0.2861,-7.222,51381542.0,0.4146,0.1163,0.4711,0.0594,-0.3343,True,0.3354,-0.0579,0.2961,0.0031,1.0,True,0.2719,-0.1683,0.2479,-0.0961,2.0,0.1009,-0.0972,0.0476,-0.1397,0.1228,-0.1105,0.1969,-0.0924,0.4007,0.598,True,48.0,0.4007,48.0,0.3711,59.0,0.4146,63.0,0.4146,63.0,0.4146,63.0,0.4146,63.0,0.4146,63.0,0.4146,63.0,0.2107,-0.0918,0.1009,-0.0972,0.0476,-0.1397,0.1228,-0.1105,0.1969,-0.0924,46.0,True,0.0671,1.7292,3733387783.0,0.0686,0.0256,0.035,0.051,-0.0243,-0.0878,0.0732,3,1,6504690.67,531420.0,5973270.67,True,True,6504690.67,buy
US,UNFI,United Natural Foods Inc,Consumer Defensive,US-SF,2023-03-08,2023,1,-0.2805,-11.366,20386938.0,-0.2039,-0.273,-0.3851,-0.5001,-0.0362,True,-0.3052,-0.445,-0.1576,-0.2724,4.0,False,,,,,,,,,,,,,,0.3899,-0.0071,False,,-0.2039,63.0,-0.2039,63.0,-0.0597,2.0,-0.1439,3.0,-0.1439,3.0,-0.1439,3.0,-0.2039,63.0,-0.2039,63.0,,,,,,,,,,,,True,0.1385,1.1926,1783499056.0,0.1391,0.0993,0.0086,0.0028,0.2555,0.0953,,1,5,99629.36,1930680.63,-1831051.27,True,True,99629.36,sell
US,UNH,UnitedHealth Group Incorporated,Healthcare,US-SF,2025-04-17,2025,1,-0.2238,-10.002,2899327465.0,-0.3743,-0.5679,-0.2042,-0.4656,-0.0258,True,-0.1332,-0.4069,-0.3104,-0.513,2.0,True,-0.144,-0.3902,-0.3444,-0.5281,3.0,-0.2803,-0.3764,-0.3068,-0.3935,-0.3087,-0.4135,-0.2808,-0.414,0.2883,-0.0576,False,,-0.3743,63.0,-0.3743,63.0,-0.0634,1.0,-0.0988,7.0,-0.1177,9.0,-0.1312,12.0,-0.3143,17.0,-0.3143,17.0,-0.3444,-0.5281,-0.2803,-0.3764,-0.3068,-0.3935,-0.3087,-0.4135,-0.2808,-0.414,-1.0,True,0.1555,0.83,398809707913.0,0.0361,-0.0072,0.036,0.0517,0.1057,0.0155,0.0191,1,1,511580.0,438987.23,72592.77,True,True,511580.0,buy
US,VAC,Marriot Vacations Worldwide,Consumer Cyclical,US-SF,2025-11-06,2025,1,-0.264,-11.049,32214597.0,0.1231,0.0867,0.5579,0.4549,0.1815,True,0.4848,0.3953,0.1211,0.1052,2.0,True,0.4848,0.3953,0.1211,0.1052,2.0,0.0886,0.0891,0.0968,0.0888,0.1746,0.1633,0.2945,0.2733,0.3587,0.6215,False,,0.1231,63.0,0.1231,63.0,-0.0551,3.0,-0.0812,6.0,0.1231,63.0,0.1231,63.0,0.1231,63.0,0.1231,63.0,0.1211,0.1052,0.0886,0.0891,0.0968,0.0888,0.1746,0.1633,0.2945,0.2733,-1.0,True,0.0893,2.0581,1640894426.0,0.1329,0.0919,0.0439,0.0298,0.0312,0.1018,0.0661,2,0,50876275.5,0.0,50876275.5,True,False,50876275.5,buy
US,VST,Vistra Corp.,Utilities,US-SF,2020-03-12,2020,2,-0.2477,-7.984,100306842.0,0.3693,0.1591,0.2627,-0.0834,-0.2355,True,0.2136,-0.0188,0.3155,0.1937,1.0,True,0.3035,-0.0898,0.4365,0.1435,5.0,0.2511,0.0932,0.1878,0.016,0.3608,0.1859,0.3734,0.1603,0.3292,0.5253,True,32.0,0.3292,32.0,0.2445,39.0,-0.0508,2.0,-0.1063,3.0,-0.1063,3.0,-0.1264,4.0,0.3693,63.0,0.3693,63.0,0.2623,0.0665,0.2511,0.0932,0.1878,0.016,0.2623,0.0665,0.2623,0.0665,27.0,True,0.1166,1.4046,4269876465.0,0.2173,0.1743,0.0807,0.1849,0.1398,-0.6702,0.0395,8,29,1540430.5,1069724730.63,-1068184300.13,True,True,1540430.5,sell
US,VST,Vistra Corp.,Utilities,US-SF,2021-02-26,2021,1,-0.2421,-10.948,72580791.0,-0.0614,-0.1637,0.0895,-0.0834,0.2067,True,0.0906,-0.0651,-0.0637,-0.1411,1.0,True,0.1129,-0.0876,0.0012,-0.1114,4.0,-0.0172,-0.0547,0.0191,-0.063,0.026,-0.0846,-0.061,-0.1662,0.3194,0.1472,False,,-0.0614,63.0,-0.0614,63.0,-0.0614,48.0,-0.0614,63.0,-0.0614,63.0,-0.0614,63.0,-0.0614,63.0,-0.0614,63.0,0.0012,-0.1114,-0.0172,-0.0547,0.0191,-0.063,0.026,-0.0846,-0.061,-0.1662,-1.0,True,0.076,1.1504,5216954581.0,0.1219,0.1073,0.0575,0.1879,0.1555,-0.6044,0.0349,7,1,2580552.88,7042626.43,-4462073.55,True,False,2580552.88,sell
US,VSTS,Vestis Corporation,Industrials,US-SF,2024-05-02,2024,1,-0.4499,-20.619,32281782.0,0.2408,0.1851,0.3377,0.2111,0.2493,True,0.3441,0.2414,0.2651,0.2536,2.0,True,0.3256,0.2109,0.2461,0.2438,3.0,0.1388,0.1235,0.215,0.1832,0.1598,0.1048,0.201,0.1259,0.8179,0.5544,False,,0.2408,63.0,0.2408,63.0,-0.0738,1.0,0.2408,63.0,0.2408,63.0,0.2408,63.0,0.2408,63.0,0.2408,63.0,0.2461,0.2438,0.1388,0.1235,0.215,0.1832,0.1598,0.1048,0.201,0.1259,-1.0,True,0.243,1.6971,1328805388.0,0.1604,0.1147,0.0754,0.0634,0.0331,0.6876,0.007,3,0,487877.0,0.0,487877.0,True,False,487877.0,buy
US,W,Wayfair Inc,Consumer Cyclical,US-SF,2022-05-05,2022,1,-0.2568,-5.028,302466594.0,-0.0762,-0.0758,-0.4446,-0.3417,-0.6472,True,-0.34,-0.3467,0.2306,0.1416,5.0,True,-0.2766,-0.2689,0.192,0.1241,6.0,-0.0085,-0.0328,-0.1777,-0.1061,-0.1223,-0.072,-0.093,-0.053,0.3456,0.0903,False,,-0.0762,63.0,-0.0762,63.0,-0.0756,2.0,-0.133,3.0,-0.133,3.0,-0.133,3.0,-0.2943,9.0,-0.3253,13.0,0.192,0.1241,-0.0085,-0.0328,-0.1777,-0.1061,-0.1223,-0.072,-0.093,-0.053,-1.0,False,0.0809,-1.8851,7488198162.0,-0.0175,-0.0482,-0.0096,0.0095,0.3231,,,2,79,3812200.0,25530471.34,-21718271.34,True,True,3812200.0,sell
US,WBS,Webster Financial Corporation,Financial Services,US-SF,2011-08-08,2011,3,-0.2216,-7.799,7243764.0,0.2283,0.1088,0.4567,0.2534,-0.1141,True,0.3592,0.2079,0.1348,0.0593,1.0,True,0.2208,0.0922,0.0087,0.0232,15.0,-0.0766,-0.07,-0.1544,-0.1056,-0.0172,-0.0052,0.1655,0.1039,0.2847,0.4567,True,57.0,0.2847,57.0,0.1839,60.0,-0.0742,39.0,0.2283,63.0,0.2283,63.0,0.2283,63.0,0.2283,63.0,0.2283,63.0,0.0366,0.0299,-0.0766,-0.07,-0.1544,-0.1056,-0.0172,-0.0052,0.0366,0.0299,42.0,True,0.0405,0.3269,1690098401.0,0.0428,-0.0002,0.0794,0.35,-0.0279,-0.2556,0.0115,1,8,310050.0,1197855.45,-887805.45,True,True,310050.0,sell
US,WFC,Wells Fargo & Company,Financial Services,US-SF,2020-03-09,2020,5,-0.2314,-7.647,904475095.0,0.0467,-0.1302,-0.2181,-0.4658,-0.0665,True,-0.3,-0.4559,-0.0509,-0.1637,1.0,True,-0.1926,-0.5002,-0.0801,-0.3122,12.0,-0.0718,-0.2027,-0.0708,-0.2167,-0.1114,-0.2753,-0.0751,-0.2837,0.3011,0.08,False,,0.0467,63.0,0.0467,63.0,-0.1626,3.0,-0.1626,3.0,-0.1626,3.0,-0.1626,3.0,-0.2922,46.0,0.0467,63.0,-0.0801,-0.3122,-0.0718,-0.2027,-0.0708,-0.2167,-0.1114,-0.2753,-0.0751,-0.2837,-1.0,True,0.1049,1.3266,85161401391.0,0.2315,0.1885,0.1865,0.0637,0.0421,0.0111,0.0711,2,0,454989.0,0.0,454989.0,True,False,454989.0,buy
US,WH,Wyndham Hotels & Resorts Inc,Consumer Cyclical,US-SF,2020-03-11,2020,5,-0.2361,-6.174,43461510.0,0.1858,0.0221,0.3231,0.0832,0.0287,True,0.3509,0.1185,0.1508,0.029,2.0,True,1.0837,0.6435,0.7985,0.4545,7.0,0.2553,0.0571,0.2412,0.0539,0.4025,0.1692,0.8207,0.5314,0.3091,0.3758,False,,0.1858,63.0,0.1858,63.0,-0.092,1.0,-0.092,1.0,-0.2261,3.0,-0.2261,3.0,-0.3201,4.0,-0.3201,4.0,0.7985,0.4545,0.2553,0.0571,0.2412,0.0539,0.4025,0.1692,0.8207,0.5314,-1.0,True,0.1295,1.7054,2680993414.0,0.0586,0.0156,0.0765,0.0244,0.1208,-0.0208,0.0324,4,4,1009850.0,2969089.42,-1959239.42,True,True,1009850.0,sell
US,WHR,Whirlpool Corporation,Consumer Cyclical,US-SF,2020-03-18,2020,3,-0.2291,-4.871,102031042.0,0.4353,0.137,1.0554,0.6437,-0.2217,True,1.1994,0.8446,0.5506,0.2711,4.0,True,1.1994,0.8446,0.5506,0.2711,4.0,0.2005,0.0632,0.2288,0.0856,0.2875,0.1236,0.4554,0.2477,0.2973,1.0963,True,29.0,0.2973,29.0,0.2558,30.0,-0.072,1.0,-0.1633,2.0,-0.1633,2.0,-0.1633,2.0,-0.2783,3.0,0.4353,63.0,0.3429,0.1528,0.2005,0.0632,0.2288,0.0856,0.3429,0.1528,0.3429,0.1528,25.0,True,0.3706,1.5628,4327870297.0,0.2736,0.2306,0.058,0.0342,0.0055,0.1787,0.0719,3,11,208610.25,2641773.08,-2433162.83,True,True,208610.25,sell
US,WMB,Williams Companies Inc,Energy,US-SF,2020-03-09,2020,3,-0.2281,-8.216,187884937.0,0.4765,0.2996,0.4443,0.1966,-0.1487,True,0.3155,0.1595,0.2926,0.1798,1.0,True,0.3308,0.0985,0.1764,0.0546,4.0,-0.1366,-0.0546,0.0949,0.0451,0.1714,0.1096,0.1689,0.1287,0.2955,0.5595,True,36.0,0.2955,36.0,0.2684,66.0,-0.0907,3.0,-0.0907,3.0,-0.1701,6.0,-0.1701,6.0,-0.3671,7.0,-0.3671,7.0,0.1726,0.0652,-0.1366,-0.0546,0.0949,0.0451,0.1714,0.1096,0.1726,0.0652,32.0,True,0.0636,1.6679,13004262852.0,0.0654,0.0224,0.1036,0.1883,0.0144,-0.2426,0.1072,2,1,499170.0,476400.0,22770.0,True,True,499170.0,buy
US,XPO,XPO Logistics Inc,Industrials,US-SF,2020-02-27,2020,4,-0.2284,-5.244,27829138.0,0.0334,0.0163,0.1362,-0.0317,0.4293,True,0.1882,0.053,0.0321,0.0433,2.0,True,0.417,0.1847,0.2102,0.0884,11.0,-0.2838,-0.2018,-0.06,-0.1098,0.0749,0.0131,0.0319,-0.0083,0.296,0.1396,False,,0.0334,63.0,0.0334,63.0,-0.0605,3.0,-0.0947,5.0,-0.1347,6.0,-0.1347,6.0,-0.2696,10.0,-0.4081,14.0,0.2102,0.0884,-0.2838,-0.2018,-0.06,-0.1098,0.0749,0.0131,0.0319,-0.0083,-1.0,True,0.1528,1.9198,3084806359.0,0.1358,0.0928,0.0392,0.0178,0.3529,0.9419,,1,6,103702.5,76093325.5,-75989623.0,True,True,103702.5,sell
US,ALGM,Allegro Microsystems Inc,Technology,US-SF,2025-04-08,2025,4,-0.2694,-3.794,69215923.0,0.9815,0.7211,0.4939,0.1385,0.112,True,0.195,-0.0392,0.5824,0.4353,1.0,True,0.195,-0.0392,0.5824,0.4353,1.0,-0.1894,-0.2164,-0.0387,-0.0759,0.1154,0.0448,0.313,0.2063,0.3687,0.9815,True,24.0,0.3687,24.0,0.8003,72.0,-0.1268,8.0,-0.1268,8.0,-0.1268,8.0,-0.1268,8.0,0.9815,63.0,0.9815,63.0,0.4671,0.3018,-0.1894,-0.2164,-0.0387,-0.0759,0.4671,0.3018,0.4671,0.3018,23.0,True,0.1349,0.224,3526830582.0,0.0433,0.0007,0.1455,0.0543,0.077,0.1296,,3,0,384446.0,0.0,384446.0,True,False,384446.0,buy
US,ALGN,Align Technology Inc,Healthcare,US-SF,2023-10-26,2023,1,-0.2488,-9.72,240756179.0,0.4189,0.2278,0.5996,0.363,-0.2845,True,0.4789,0.2559,0.3865,0.1904,1.0,True,0.4942,0.2944,0.4329,0.2882,5.0,0.1412,0.0853,0.1418,0.0835,0.326,0.233,0.359,0.2731,0.3313,0.733,True,34.0,0.3313,34.0,0.575,118.0,0.4189,63.0,0.4189,63.0,0.4189,63.0,0.4189,63.0,0.4189,63.0,0.4189,63.0,0.5606,0.3975,0.1412,0.0853,0.1418,0.0835,0.5606,0.3975,0.5606,0.3975,29.0,True,0.1004,0.0,13647550281.0,0.0265,-0.022,0.0968,0.0741,0.2044,0.1049,,1,0,1996820.0,0.0,1996820.0,True,False,1996820.0,buy
US,AMD,Advanced Micro Devices Inc,Technology,US-SF,2025-04-08,2025,4,-0.2404,-4.7,4419061112.0,0.8432,0.5828,2.0119,1.6565,-0.3725,True,1.4049,1.1707,0.512,0.3649,1.0,True,1.4049,1.1707,0.512,0.3649,1.0,-0.002,-0.0289,0.062,0.0248,0.1432,0.0727,0.2726,0.166,0.3165,2.0119,True,23.0,0.3165,23.0,1.0857,82.0,0.8432,63.0,0.8432,63.0,0.8432,63.0,0.8432,63.0,0.8432,63.0,0.8432,63.0,0.6844,0.5217,-0.002,-0.0289,0.062,0.0248,0.6844,0.5217,0.6844,0.5217,22.0,True,0.0285,0.0299,127529275976.0,0.0129,-0.0298,0.0636,0.0933,0.3081,0.2846,0.0,1,16,499616.2,42820369.39,-42320753.19,True,True,499616.2,sell
US,ANIP,ANI Pharmaceuticals Inc,Healthcare,US-SF,2019-11-06,2019,1,-0.2375,-11.857,12647549.0,0.0784,-0.0031,-0.4286,-0.3808,0.1114,True,-0.4335,-0.3833,0.0746,-0.012,1.0,False,,,,,,,,,,,,,,0.3115,0.1158,False,,0.0784,63.0,0.0784,63.0,-0.0573,5.0,-0.0889,41.0,-0.1075,42.0,0.0784,63.0,0.0784,63.0,0.0784,63.0,,,,,,,,,,,,True,0.0785,0.9278,1367941965.0,0.0113,-0.0317,0.0769,0.2786,0.4629,1.1072,,2,16,272608.2,12984854.08,-12712245.88,True,True,272608.2,sell
US,APTOF,DMD Digital Health Connections Group Inc,Healthcare,US-SF,2021-12-20,2021,5,-0.2872,-3.228,2503841.0,-0.0791,-0.0668,-0.4189,-0.242,-0.4429,True,-0.4649,-0.2813,-0.1867,-0.1452,1.0,False,,,,,,,,,,,,,,0.4029,0.0935,False,,-0.0791,63.0,-0.0791,63.0,-0.0504,12.0,-0.1223,20.0,-0.1223,20.0,-0.1223,20.0,-0.2662,57.0,-0.0791,63.0,,,,,,,,,,,,True,0.1938,0.5342,1596544340.0,0.0026,-0.0116,0.0889,0.141,0.2839,-0.3425,,13,2,711947.97,188304.0,523643.97,True,True,560370.62,buy
US,AVT,Avnet Inc,Technology,US-SF,2020-03-18,2020,5,-0.3002,-7.244,28114202.0,0.388,0.0897,0.4174,0.0057,-0.3524,True,0.2727,-0.1206,0.2403,-0.0527,1.0,True,0.1923,-0.2479,0.1773,-0.1667,2.0,0.2026,0.0045,0.1289,-0.0584,0.2521,0.0187,0.2126,-0.0767,0.429,0.6166,True,27.0,0.429,27.0,0.383,38.0,0.388,63.0,0.388,63.0,0.388,63.0,0.388,63.0,0.388,63.0,0.388,63.0,0.1874,-0.0578,0.2026,0.0045,0.1289,-0.0584,0.1874,-0.0578,0.1874,-0.0578,25.0,True,0.0426,0.4155,1386379219.0,0.1272,0.0842,0.009,0.0211,-0.0663,-0.1501,0.0491,1,4,100960.0,11515558.95,-11414598.95,True,True,100960.0,sell
US,BCLI,Brainstorm Cell Therapeutics Inc,Healthcare,US-SF,2020-02-27,2020,2,-0.2387,-3.826,2015153.0,-0.0148,-0.0319,0.7973,0.6295,1.4396,True,0.7335,0.554,0.0673,0.0368,1.0,False,,,,,,,,,,,,,,0.3136,1.3417,False,,-0.0148,63.0,-0.0148,63.0,-0.0976,10.0,-0.0976,10.0,-0.179,11.0,-0.179,11.0,-0.3343,12.0,-0.3343,12.0,,,,,,,,,,,,False,1.9024,-0.0,1118926185.0,-0.0208,-0.0638,63.5328,32.0219,,,,3,0,69276.0,0.0,69276.0,True,False,69276.0,buy
US,BIIB,Biogen Inc,Healthcare,US-SF,2019-03-21,2019,1,-0.2923,-14.782,454319243.0,0.0357,0.0009,0.0385,-0.0147,-0.0413,True,0.0894,0.0203,0.0711,0.0185,2.0,True,0.0141,-0.0384,0.0317,-0.0034,3.0,-0.018,-0.0494,-0.013,-0.0512,-0.0083,-0.0299,-0.0251,-0.0278,0.413,0.0749,False,,0.0357,63.0,0.0357,63.0,0.0357,63.0,0.0357,63.0,0.0357,63.0,0.0357,63.0,0.0357,63.0,0.0357,63.0,0.0317,-0.0034,-0.018,-0.0494,-0.013,-0.0512,-0.0083,-0.0299,-0.0251,-0.0278,-1.0,True,0.3398,0.4553,33495909105.0,0.1323,0.0893,0.3293,0.3941,0.1418,0.2306,,3,2,20572366.0,2358754.7,18213611.3,True,True,20572366.0,buy
US,BPOP,Popular Inc,Financial Services,US-SF,2020-03-09,2020,5,-0.2284,-7.75,26612453.0,0.1925,0.0156,0.0338,-0.2139,-0.0342,True,-0.0567,-0.2127,0.0675,-0.0452,1.0,True,0.471,0.0308,0.4805,0.1366,9.0,0.3852,0.1871,0.2617,0.0745,0.4303,0.197,0.4265,0.1373,0.2961,0.1925,False,,0.1925,63.0,0.1925,63.0,-0.1307,3.0,-0.1307,3.0,-0.1307,3.0,-0.1307,3.0,-0.3479,7.0,-0.3479,7.0,0.4805,0.1366,0.3852,0.1871,0.2617,0.0745,0.4303,0.197,0.4265,0.1373,-1.0,True,0.1115,0.1831,2045090284.0,0.3282,0.2852,0.2403,0.2218,0.0692,-0.0532,0.0284,1,10,52460.0,2774648.94,-2722188.94,True,True,52460.0,sell
US,CACC,Credit Acceptance Corporation,Financial Services,US-SF,2020-03-17,2020,5,-0.3239,-7.665,60700312.0,0.4963,0.2608,0.1442,-0.2006,-0.0604,True,0.1499,-0.2618,0.4717,0.1734,1.0,True,0.1774,-0.1773,0.6438,0.3644,5.0,0.0689,-0.0684,0.0216,-0.1216,0.1566,-0.0073,0.2866,0.079,0.4791,0.7826,True,55.0,0.4791,55.0,0.5142,59.0,-0.1217,3.0,-0.1217,3.0,-0.1217,3.0,-0.1217,3.0,-0.2664,13.0,0.4963,63.0,0.7117,0.4082,0.0689,-0.0684,0.0216,-0.1216,0.1566,-0.0073,0.2866,0.079,50.0,True,0.2786,1.9274,3077248287.0,0.2132,0.1702,0.4435,0.531,0.1543,0.2262,,5,189,1190224.5,201422243.68,-200232019.18,True,True,1190224.5,sell
US,CECO,CECO Environmental Corp.,Industrials,US-SF,2026-02-24,2026,1,-0.2276,-7.753,22821538.0,0.4978,0.4065,,,0.6673,True,,,0.3416,0.2589,1.0,False,,,,,,,,,,,,,,0.2947,0.6612,True,48.0,0.2947,48.0,0.3408,54.0,-0.0972,5.0,-0.0972,5.0,-0.1245,8.0,-0.1245,8.0,0.4978,63.0,0.4978,63.0,,,,,,,,,,,,True,0.0523,0.8906,3504181860.0,0.0037,-0.0366,0.0232,0.0134,0.1029,-0.0623,0.0,3,5,339915.0,15104606.07,-14764691.07,True,True,339915.0,sell
US,CHDN,Churchill Downs Incorporated,Consumer Cyclical,US-SF,2020-02-28,2020,5,-0.2208,-9.035,33467618.0,0.056,0.0255,0.4171,0.2376,0.3336,True,0.3851,0.25,0.023,0.0341,1.0,True,0.3652,0.2385,0.0763,0.0787,3.0,-0.2669,-0.0578,-0.3779,-0.1852,-0.3269,-0.2213,-0.2767,-0.1849,0.2833,0.4171,False,,0.056,63.0,0.056,63.0,-0.062,5.0,-0.1649,6.0,-0.1649,6.0,-0.1649,6.0,-0.3869,9.0,-0.3869,9.0,0.0763,0.0787,-0.2669,-0.0578,-0.3779,-0.1852,-0.3269,-0.2213,-0.2767,-0.1849,-1.0,True,0.2705,2.1442,4292318928.0,0.032,-0.011,0.1034,0.095,0.1034,0.3002,0.0047,2,0,160591.0,0.0,160591.0,True,False,160591.0,buy
US,CMPR,Cimpress NV,Industrials,US-SF,2019-01-31,2019,1,-0.2827,-10.939,21152439.0,0.0316,-0.0473,0.2431,0.1509,-0.1942,True,0.2454,0.2014,0.0518,-0.0244,2.0,True,0.4715,0.4077,0.0564,0.0187,7.0,0.0219,-0.0076,-0.0134,-0.0507,-0.0563,-0.0964,0.0775,0.0116,0.3941,0.2431,False,,0.0316,63.0,0.0316,63.0,-0.064,5.0,-0.0993,25.0,-0.1009,35.0,0.0316,63.0,0.0316,63.0,0.0316,63.0,0.0564,0.0187,0.0219,-0.0076,-0.0134,-0.0507,-0.0563,-0.0964,0.0775,0.0116,-1.0,True,0.4669,9.9249,2015382925.0,0.0217,-0.0213,0.0169,0.0348,0.1534,0.011,,7,9,126004.0,2784581.77,-2658577.77,True,True,126004.0,sell
US,DOCU,DocuSign Inc,Technology,US-SF,2022-06-10,2022,1,-0.2453,-4.665,503697207.0,-0.0041,-0.0578,-0.2544,-0.263,-0.4318,True,-0.0152,-0.0694,-0.0031,-0.0325,3.0,True,-0.0152,-0.0694,-0.0031,-0.0325,3.0,0.0989,0.07,0.0263,0.0155,0.058,-0.0317,0.2199,0.084,0.325,0.1505,False,,-0.0041,63.0,-0.0041,63.0,-0.1033,1.0,-0.1033,1.0,-0.1033,1.0,-0.1312,2.0,-0.0041,63.0,-0.0041,63.0,-0.0031,-0.0325,0.0989,0.07,0.0263,0.0155,0.058,-0.0317,0.2199,0.084,-1.0,False,-0.254,2.6079,12588978005.0,-0.0056,-0.0371,-0.0332,0.2112,0.4075,,,7,56,7409993.2,15517518.14,-8107524.94,True,True,7409993.2,sell
US,ENPH,Enphase Energy Inc,Technology,US-SF,2023-04-26,2023,1,-0.2573,-7.607,918715885.0,0.0181,-0.1006,-0.4241,-0.4563,-0.1246,True,-0.4142,-0.4146,-0.06,-0.1681,1.0,True,-0.5001,-0.4876,-0.0753,-0.1759,2.0,-0.0111,-0.0165,0.0604,0.0518,0.0773,0.0366,-0.0331,-0.0875,0.3465,0.1577,False,,0.0181,63.0,0.0181,63.0,-0.0668,4.0,0.0181,63.0,0.0181,63.0,0.0181,63.0,0.0181,63.0,0.0181,63.0,-0.0753,-0.1759,-0.0111,-0.0165,0.0604,0.0518,0.0773,0.0366,-0.0331,-0.0875,-1.0,True,0.4813,1.563,21592502383.0,0.0184,-0.0159,0.1705,0.2996,0.5212,0.3083,,1,50,5490352.0,65875540.88,-60385188.88,True,True,5490352.0,sell
US,ENPH,Enphase Energy Inc,Technology,US-SF,2025-06-17,2025,1,-0.2397,-5.026,296800996.0,0.1088,0.0056,-0.0876,-0.2243,-0.3812,True,-0.1311,-0.2549,0.0566,-0.0522,1.0,True,-0.1271,-0.2562,-0.0266,-0.1193,4.0,0.0169,-0.0112,-0.0745,-0.119,-0.2155,-0.257,-0.0052,-0.0667,0.3153,0.2314,False,,0.1088,63.0,0.1088,63.0,-0.0733,30.0,-0.0999,31.0,-0.1377,34.0,-0.1377,34.0,0.1088,63.0,0.1088,63.0,-0.0266,-0.1193,0.0169,-0.0112,-0.0745,-0.119,-0.2155,-0.257,-0.0052,-0.0667,-1.0,True,0.1232,1.5635,4602393842.0,0.0223,-0.0216,0.0772,0.3609,0.1634,-0.0933,,1,2,185400.0,6209519.08,-6024119.08,True,True,185400.0,sell
US,EYE,National Vision Holdings Inc,Consumer Cyclical,US-SF,2023-07-27,2023,1,-0.2201,-11.199,30892933.0,-0.2015,-0.1242,0.0057,-0.0722,-0.3768,True,-0.0512,-0.1267,-0.2435,-0.1464,1.0,True,-0.0973,-0.1705,-0.2779,-0.1751,2.0,-0.1308,-0.0896,-0.1308,-0.1109,-0.2182,-0.1905,-0.2691,-0.206,0.2822,0.1207,False,,-0.2015,63.0,-0.2015,63.0,-0.0518,25.0,-0.1124,27.0,-0.1124,27.0,-0.1233,29.0,-0.2532,53.0,-0.2015,63.0,-0.2779,-0.1751,-0.1308,-0.0896,-0.1308,-0.1109,-0.2182,-0.1905,-0.2691,-0.206,-1.0,True,0.0467,0.6298,1547052801.0,0.0272,-0.0129,0.0256,0.0034,0.0364,-0.0313,,4,0,1388672.97,0.0,1388672.97,True,False,1388672.97,buy
US,FCNCA,"First Citizens BancShares, Inc.",Financial Services,US-SF,2020-03-09,2020,5,-0.2208,-8.363,20180995.0,0.2164,0.0395,0.0827,-0.165,0.0636,True,0.0054,-0.1506,0.1609,0.0481,1.0,True,-0.0717,-0.3061,0.1916,0.0191,13.0,-0.0094,-0.1024,0.0383,-0.0562,0.086,-0.0279,0.1883,0.0339,0.2834,0.2164,False,,0.2164,63.0,0.2164,63.0,-0.0915,3.0,-0.0915,3.0,-0.17,5.0,-0.17,5.0,0.2164,63.0,0.2164,63.0,0.1916,0.0191,-0.0094,-0.1024,0.0383,-0.0562,0.086,-0.0279,0.1883,0.0339,-1.0,True,0.0117,0.008,3801790232.0,0.1203,0.0773,0.2555,0.2343,0.1135,0.2992,0.0045,2,4,691759.5,9440045.5,-8748286.0,True,True,691759.5,sell
US,FSLR,First Solar Inc,Technology,US-SF,2011-10-25,2011,1,-0.2533,-6.582,229970013.0,-0.0538,-0.1266,-0.5768,-0.7159,-0.5754,True,-0.602,-0.732,-0.0124,-0.0722,1.0,True,-0.6522,-0.7404,-0.172,-0.1941,2.0,-0.1378,-0.0845,-0.1577,-0.086,-0.1367,-0.1138,-0.3928,-0.3656,0.3393,0.2477,False,,-0.0538,63.0,-0.0538,63.0,-0.0571,20.0,-0.2269,35.0,-0.2269,35.0,-0.2269,35.0,-0.2732,36.0,-0.0538,63.0,-0.172,-0.1941,-0.1378,-0.0845,-0.1577,-0.086,-0.1367,-0.1138,-0.3928,-0.3656,-1.0,True,0.1922,0.061,4649507017.0,0.1429,0.0999,0.2591,0.0455,1.2152,2.2573,,2,34,180500.0,69770598.77,-69590098.77,True,True,180500.0,sell
US,FTNT,Fortinet Inc,Technology,US-SF,2023-08-04,2023,1,-0.2507,-14.522,365476721.0,0.0144,0.0502,0.1642,0.0604,0.427,True,0.1695,0.0731,-0.1251,-0.0897,1.0,True,0.1957,0.0855,-0.1446,-0.115,2.0,0.0352,0.0356,0.0785,0.0893,0.027,0.0486,0.0232,0.0656,0.3345,0.1751,False,,0.0144,63.0,0.0144,63.0,0.0144,63.0,0.0144,63.0,0.0144,63.0,0.0144,63.0,0.0144,63.0,0.0144,63.0,-0.1446,-0.115,0.0352,0.0356,0.0785,0.0893,0.027,0.0486,0.0232,0.0656,-1.0,True,-3.0444,-3.517,41592449157.0,0.0206,-0.02,0.1941,0.3281,0.242,0.9687,,2,28,57020.4,47190141.4,-47133121.0,True,True,57020.4,sell
US,FTNT,Fortinet Inc,Technology,US-SF,2025-08-07,2025,1,-0.2203,-7.924,524282231.0,0.142,0.07,0.0991,0.0056,-0.0603,True,0.147,0.0578,0.0968,0.0411,2.0,True,0.1192,0.0422,0.0486,-0.0114,3.0,-0.0241,-0.0245,0.0308,0.0089,0.0654,0.0356,0.0582,0.0417,0.2826,0.1623,False,,0.142,63.0,0.142,63.0,0.142,63.0,0.142,63.0,0.142,63.0,0.142,63.0,0.142,63.0,0.142,63.0,0.0486,-0.0114,-0.0241,-0.0245,0.0308,0.0089,0.0654,0.0356,0.0582,0.0417,-1.0,True,1.1683,0.6656,55168423842.0,0.0316,-0.0108,0.293,0.3155,0.2246,0.4284,,2,36,69793.22,141700568.92,-141630775.7,True,True,69793.22,sell
US,FWRD,Forward Air Corporation,Industrials,US-SF,2023-08-11,2023,1,-0.2535,-12.721,19457368.0,-0.1717,-0.1455,-0.4448,-0.5698,-0.0845,True,-0.3645,-0.5031,0.0028,-0.0289,5.0,True,-0.3645,-0.5031,0.0028,-0.0289,5.0,0.0658,0.0389,0.0598,0.0428,0.054,0.0727,0.1657,0.1783,0.3396,-0.0012,False,,-0.1717,63.0,-0.1717,63.0,-0.0569,1.0,-0.1315,2.0,-0.1315,2.0,-0.1315,2.0,-0.1717,63.0,-0.1717,63.0,0.0028,-0.0289,0.0658,0.0389,0.0598,0.0428,0.054,0.0727,0.1657,0.1783,-1.0,True,0.2732,0.1641,2437996934.0,0.0792,0.0376,0.115,0.13,0.0882,0.1975,0.0125,1,0,407880.0,0.0,407880.0,True,False,407880.0,buy
US,HPK,Highpeak Energy Acquisition Corp,Energy,US-SF,2025-04-04,2025,2,-0.2529,-7.42,3559883.0,0.0818,-0.1452,-0.2356,-0.5639,-0.0602,True,-0.2699,-0.5041,0.0317,-0.1154,3.0,True,-0.2699,-0.5041,0.0317,-0.1154,3.0,-0.1469,-0.1739,-0.0673,-0.1045,-0.0673,-0.1379,0.1536,0.047,0.3385,0.2331,False,,0.0818,63.0,0.0818,63.0,-0.0815,1.0,-0.0815,1.0,-0.1548,2.0,-0.1548,2.0,0.0818,63.0,0.0818,63.0,0.0317,-0.1154,-0.1469,-0.1739,-0.0673,-0.1045,-0.0673,-0.1379,0.1536,0.047,-1.0,True,0.0593,0.5794,1206012288.0,0.0788,0.039,0.0889,0.0647,1.6544,0.0901,0.0168,1,0,242185.86,0.0,242185.86,True,False,242185.86,buy
US,INGN,Inogen Inc,Healthcare,US-SF,2020-01-13,2020,1,-0.2204,-8.056,24344023.0,0.0721,0.2066,-0.2676,-0.24,-0.0241,True,-0.2646,-0.2474,-0.0226,0.1296,1.0,True,-0.2933,-0.2709,-0.0835,0.0653,2.0,-0.0525,-0.0697,-0.0914,-0.119,-0.1001,0.0018,-0.2587,-0.0276,0.2827,0.151,False,,0.0721,63.0,0.0721,63.0,-0.0505,12.0,-0.0891,28.0,-0.1197,29.0,-0.1485,40.0,-0.3158,45.0,-0.3158,45.0,-0.0835,0.0653,-0.0525,-0.0697,-0.0914,-0.119,-0.1001,0.0018,-0.2587,-0.0276,-1.0,True,0.167,0.0,1291183668.0,0.0402,-0.0028,0.1448,0.1313,0.3655,0.1024,,2,0,128950.0,0.0,128950.0,True,False,128950.0,buy
US,JRVR,James River Group Holdings Ltd,Financial Services,US-SF,2020-03-18,2020,1,-0.2273,-8.19,8091740.0,0.5246,0.2263,0.6788,0.267,-0.2647,True,0.5455,0.1522,0.4808,0.1878,1.0,True,0.406,-0.0605,0.4186,0.0251,3.0,0.2163,-0.0558,0.1272,-0.124,0.1096,-0.1724,0.1593,-0.1585,0.2942,0.8232,True,9.0,0.2942,9.0,0.1647,12.0,0.5246,63.0,0.5246,63.0,0.5246,63.0,0.5246,63.0,0.5246,63.0,0.5246,63.0,0.0507,-0.0616,0.0507,-0.0616,0.0507,-0.0616,0.0507,-0.0616,0.0507,-0.0616,6.0,True,0.0492,0.337,1148144361.0,0.0334,-0.0096,0.0423,1.6415,0.1562,-0.0421,0.0483,4,0,1031785.28,0.0,1031785.28,True,False,1031785.28,buy
US,KAVL,Kaival Brands Innovations Group Inc,Consumer Defensive,US-SF,2021-09-10,2021,1,-0.4327,-3.71,27942282.0,-0.8102,-0.8571,-0.6588,-0.6017,-0.6469,True,-0.3865,-0.3726,-0.6631,-0.7159,4.0,True,-0.2356,-0.2913,-0.6283,-0.7277,13.0,0.0262,-0.0144,-0.0785,-0.1329,-0.1728,-0.2387,-0.3194,-0.3872,0.7628,-0.0712,False,,-0.8102,63.0,-0.8102,63.0,-0.0712,1.0,-0.177,2.0,-0.177,2.0,-0.177,2.0,-0.5237,3.0,-0.5237,3.0,-0.6283,-0.7277,0.0262,-0.0144,-0.0785,-0.1329,-0.1728,-0.2387,-0.3194,-0.3872,-1.0,True,0.8706,0.0,2248134062.0,0.0017,-0.0117,0.0598,0.1182,2.0266,,,3,0,439672.13,0.0,439672.13,True,False,439672.13,buy
US,LESL,Leslies Inc,Consumer Cyclical,US-SF,2022-06-16,2022,5,-0.227,-3.046,36412424.0,-0.0321,-0.0884,-0.1604,-0.2228,-0.1564,True,-0.2,-0.2483,-0.0589,-0.1202,1.0,True,-0.2557,-0.2329,-0.1713,-0.1154,5.0,-0.0764,-0.0557,-0.0856,-0.088,-0.0025,-0.0608,-0.1029,-0.1614,0.2936,0.1471,False,,-0.0321,63.0,-0.0321,63.0,-0.0321,63.0,-0.0321,63.0,-0.0321,63.0,-0.0321,63.0,-0.0321,63.0,-0.0321,63.0,-0.1713,-0.1154,-0.0764,-0.0557,-0.0856,-0.088,-0.0025,-0.0608,-0.1029,-0.1614,-1.0,True,-0.5821,-3.6506,2684289686.0,0.0472,0.0141,0.0943,0.1047,0.1459,0.8446,,2,1,2494422.0,82086.08,2412335.92,True,True,2494422.0,buy
US,LYFT,LYFT Inc,Technology,US-SF,2025-04-08,2025,4,-0.2301,-3.547,237898644.0,0.5366,0.2762,1.1224,0.767,0.0157,True,0.739,0.5047,0.3148,0.1677,1.0,True,0.739,0.5047,0.3148,0.1677,1.0,0.0988,0.0718,0.4683,0.4311,0.4101,0.3395,0.3827,0.2761,0.2989,1.2999,True,18.0,0.2989,18.0,0.5396,35.0,0.5366,63.0,0.5366,63.0,0.5366,63.0,0.5366,63.0,0.5366,63.0,0.5366,63.0,0.3536,0.2702,0.0988,0.0718,0.3536,0.2702,0.3536,0.2702,0.3536,0.2702,17.0,True,0.0297,1.2973,3785434844.0,0.006,-0.0366,0.0039,0.1324,0.0986,,,1,13,250288.5,1116511.69,-866223.19,True,True,250288.5,sell
US,MBLY,Mobileye Global Inc. Class A Common Stock,Consumer Cyclical,US-SF,2024-01-04,2024,1,-0.2455,-9.743,97170528.0,0.0581,-0.0519,-0.0717,-0.2603,0.0076,True,-0.125,-0.3122,0.0253,-0.0823,1.0,True,-0.1489,-0.3316,0.0191,-0.0746,2.0,-0.1648,-0.1987,-0.1521,-0.2007,-0.2205,-0.2663,-0.1219,-0.1975,0.3253,0.0914,False,,0.0581,63.0,0.0581,63.0,-0.0531,8.0,-0.1241,17.0,-0.1241,17.0,-0.1241,17.0,0.0581,63.0,0.0581,63.0,0.0191,-0.0746,-0.1648,-0.1987,-0.1521,-0.2007,-0.2205,-0.2663,-0.1219,-0.1975,-1.0,False,-0.0055,0.0,7325211236.0,-0.0112,-0.0511,-0.0439,0.2327,0.2859,,,3,0,1200562.15,0.0,1200562.15,True,False,1200562.15,buy
US,MBLY,Mobileye Global Inc. Class A Common Stock,Consumer Cyclical,US-SF,2025-01-08,2025,2,-0.2243,-3.259,108048941.0,-0.2212,-0.1114,-0.0224,-0.0816,-0.2146,True,0.0115,-0.0618,-0.1742,-0.1005,2.0,False,,,,,,,,,,,,,,0.2891,0.1257,False,,-0.2212,63.0,-0.2212,63.0,-0.0767,1.0,-0.1475,35.0,-0.1475,35.0,-0.1475,35.0,-0.2212,63.0,-0.2212,63.0,,,,,,,,,,,,False,-0.0001,0.0,4142887236.0,-0.0002,-0.0472,-0.0005,0.1475,0.2292,,,4,0,10631894.66,0.0,10631894.66,True,False,10631894.66,buy
US,MGPI,MGP Ingredients Inc,Consumer Defensive,US-SF,2019-05-01,2019,1,-0.2285,-11.937,13095929.0,-0.2614,-0.2808,-0.275,-0.3137,0.2633,True,-0.2951,-0.3394,-0.2071,-0.2194,1.0,True,-0.4066,-0.4378,-0.2133,-0.2087,2.0,-0.1121,-0.0715,-0.1215,-0.0731,-0.1543,-0.1353,-0.0498,-0.0669,0.2962,0.0701,False,,-0.2614,63.0,-0.2614,63.0,-0.0555,12.0,-0.1065,19.0,-0.1065,19.0,-0.2614,63.0,-0.2614,63.0,-0.2614,63.0,-0.2133,-0.2087,-0.1121,-0.0715,-0.1215,-0.0731,-0.1543,-0.1353,-0.0498,-0.0669,-1.0,True,0.1851,0.1589,1347454356.0,0.0277,-0.0153,0.0991,0.0065,0.0307,0.1287,0.0054,3,8,200710.0,2158480.42,-1957770.42,True,True,200710.0,sell
US,MMSI,Merit Medical Systems Inc,Healthcare,US-SF,2019-10-31,2019,1,-0.2905,-8.299,29636420.0,0.8204,0.7508,0.9124,0.9765,-0.488,True,0.6348,0.6995,0.6095,0.5343,1.0,True,0.5366,0.6112,0.5619,0.4786,2.0,0.1105,0.0925,0.1164,0.1051,0.195,0.1579,0.3097,0.2552,0.4093,1.0416,True,25.0,0.4093,25.0,0.8257,79.0,0.8204,63.0,0.8204,63.0,0.8204,63.0,0.8204,63.0,0.8204,63.0,0.8204,63.0,0.4823,0.4699,0.1105,0.0925,0.1164,0.1051,0.4823,0.4699,0.4823,0.4699,23.0,True,0.045,0.4236,1232171030.0,0.0341,-0.0089,0.0476,0.0229,0.1447,0.1413,,1,9,200000.0,9203065.07,-9003065.07,True,True,200000.0,sell
US,MYGN,Myriad Genetics Inc,Healthcare,US-SF,2020-02-07,2020,1,-0.2823,-5.616,25900444.0,-0.3045,-0.1849,-0.4201,-0.4272,-0.3477,True,-0.3445,-0.3448,-0.2487,-0.0832,3.0,False,,,,,,,,,,,,,,0.3934,-0.049,False,,-0.3045,63.0,-0.3045,63.0,-0.0571,1.0,-0.1113,10.0,-0.1113,10.0,-0.1441,11.0,-0.2831,20.0,-0.3325,22.0,,,,,,,,,,,,True,0.0042,0.2061,1985301374.0,0.0023,-0.0407,0.0054,0.0882,0.0181,-0.5164,0.0,3,1,314236.0,218190.0,96046.0,True,True,314236.0,buy
US,NDSN,Nordson Corporation,Industrials,US-SF,2020-03-16,2020,3,-0.2324,-7.385,40156370.0,0.8744,0.5892,0.9076,0.4896,-0.0754,True,0.8109,0.4661,0.7979,0.5625,1.0,True,0.5696,0.2148,0.6085,0.3291,6.0,0.185,0.0477,0.3054,0.1622,0.3456,0.1817,0.466,0.2584,0.3027,1.0195,True,10.0,0.3027,10.0,0.2171,12.0,0.8744,63.0,0.8744,63.0,0.8744,63.0,0.8744,63.0,0.8744,63.0,0.8744,63.0,0.0501,0.0406,0.0501,0.0406,0.0501,0.0406,0.0501,0.0406,0.0501,0.0406,4.0,True,0.2132,0.7869,5345184334.0,0.0631,0.0201,0.1536,0.1452,0.0519,0.0831,0.0155,1,19,165950.0,23004939.33,-22838989.33,True,True,165950.0,sell
US,NNBR,NN Inc,Industrials,US-SF,2015-03-10,2015,1,-0.2641,-9.81,4404343.0,0.4334,0.4158,0.131,0.1675,-0.0541,True,0.0391,0.0872,0.3699,0.338,1.0,True,-0.0244,0.0252,0.2624,0.2619,6.0,0.0671,0.0711,0.0741,0.0828,0.1035,0.1102,0.2605,0.2464,0.3588,0.5172,True,44.0,0.3588,44.0,0.3638,71.0,0.4334,63.0,0.4334,63.0,0.4334,63.0,0.4334,63.0,0.4334,63.0,0.4334,63.0,0.1802,0.1752,0.0671,0.0711,0.0741,0.0828,0.1035,0.1102,0.1802,0.1752,38.0,True,0.1125,0.1702,1398922787.0,0.0123,-0.0307,0.046,0.0442,-0.0256,0.3616,0.0154,3,2,303050.0,632825.0,-329775.0,True,True,303050.0,sell
US,NSIT,Insight Enterprises Inc,Technology,US-SF,2020-03-13,2020,5,-0.2584,-6.094,21446084.0,0.2004,0.0786,0.366,0.1336,0.1302,True,0.5103,0.117,0.2786,-0.0144,4.0,True,0.5103,0.117,0.2786,-0.0144,4.0,0.2833,0.1254,0.2721,0.1003,0.3865,0.2116,0.2786,0.0655,0.3484,0.4833,True,32.0,0.3484,32.0,0.2654,35.0,-0.13,1.0,-0.13,1.0,-0.13,1.0,-0.13,1.0,0.2004,63.0,0.2004,63.0,0.3608,0.181,0.2833,0.1254,0.2721,0.1003,0.3608,0.181,0.3608,0.181,28.0,True,0.1374,0.7406,1240474871.0,0.1285,0.0855,0.0206,0.0076,0.0778,0.1929,,2,2,349014.0,253902.97,95111.03,True,True,349014.0,buy
US,NWL,Newell Brands Inc,Consumer Defensive,US-SF,2017-11-02,2017,1,-0.2681,-23.504,138965119.0,-0.1231,-0.1498,-0.0663,-0.1023,-0.0976,True,-0.0983,-0.1308,-0.0586,-0.1001,1.0,True,-0.1113,-0.1525,-0.0369,-0.0719,2.0,-0.0013,-0.0152,0.0392,0.0245,0.0072,-0.0277,0.0487,-0.0117,0.3662,0.0831,False,,-0.1231,63.0,-0.1231,63.0,-0.0513,7.0,-0.1671,56.0,-0.1671,56.0,-0.1671,56.0,-0.1231,63.0,-0.1231,63.0,-0.0369,-0.0719,-0.0013,-0.0152,0.0392,0.0245,0.0072,-0.0277,0.0487,-0.0117,-1.0,True,0.0463,1.0423,8452748226.0,0.0624,0.0194,0.0398,0.1046,0.1773,0.2044,0.0422,4,5,310075.68,1245385.23,-935309.55,True,True,310075.68,sell
US,OPCH,Option Care Health Inc,Healthcare,US-SF,2010-11-02,2010,1,-0.254,-5.429,2777016.0,0.169,0.0765,0.5714,0.4426,,True,0.4367,0.3222,0.0679,-0.0232,1.0,True,0.4339,0.3363,0.0198,-0.0537,2.0,-0.0991,-0.0732,-0.0088,-0.0105,0.1123,0.0936,0.2115,0.166,0.3405,0.5714,False,,0.169,63.0,0.169,63.0,0.169,63.0,0.169,63.0,0.169,63.0,0.169,63.0,0.169,63.0,0.169,63.0,0.0198,-0.0537,-0.0991,-0.0732,-0.0088,-0.0105,0.1123,0.0936,0.2115,0.166,-1.0,True,0.3472,0.0,2638062067.0,0.0205,-0.0225,0.0407,0.0128,0.1609,0.3697,,5,3,224520.0,428986.58,-204466.58,True,True,224520.0,sell
US,OPCH,Option Care Health Inc,Healthcare,US-SF,2026-04-30,2026,1,-0.2434,-12.101,60175013.0,,,,,-0.0348,True,,,,,2.0,True,,,,,2.0,0.0099,-0.0343,-0.0289,-0.0779,0.0227,-0.0204,0.0104,-0.0363,0.3217,0.0935,False,,0.0369,57.0,0.0369,57.0,0.0369,57.0,0.0369,57.0,0.0369,57.0,0.0369,57.0,0.0369,57.0,0.0369,57.0,-0.0028,-0.0317,0.0099,-0.0343,-0.0289,-0.0779,0.0227,-0.0204,0.0104,-0.0363,-1.0,True,0.1565,0.8752,3192369156.0,0.065,0.0211,0.0367,0.0384,0.1325,0.1433,,1,2,987240.0,1168698.35,-181458.35,True,True,987240.0,sell
US,OPK,Opko Health Inc,Healthcare,US-SF,2022-01-24,2022,1,-0.2382,-7.096,18143978.0,-0.0774,-0.0515,-0.2663,-0.1554,0.1648,True,-0.1797,-0.109,-0.0847,-0.0171,4.0,True,-0.1797,-0.109,-0.0847,-0.0171,4.0,0.0678,0.0865,0.0475,0.0758,0.0339,0.0923,0.2,0.1615,0.3127,0.161,False,,-0.0774,63.0,-0.0774,63.0,-0.0681,1.0,-0.0991,2.0,-0.1115,3.0,-0.0774,63.0,-0.0774,63.0,-0.0774,63.0,-0.0847,-0.0171,0.0678,0.0865,0.0475,0.0758,0.0339,0.0923,0.2,0.1615,-1.0,True,0.0183,0.1499,2438947987.0,0.0125,-0.0048,0.0213,0.004,0.239,,,18,0,715587.21,0.0,715587.21,True,False,715587.21,buy
US,ORLY,O’Reilly Automotive Inc,Consumer Cyclical,US-SF,2020-03-20,2020,5,-0.2555,-5.392,281484793.0,0.6006,0.2566,0.7587,0.3186,-0.1005,True,0.6433,0.2885,0.5425,0.2631,2.0,True,0.6433,0.2885,0.5425,0.2631,2.0,0.277,0.1397,0.3515,0.2083,0.4353,0.2714,0.4614,0.2538,0.3432,0.8297,True,16.0,0.3432,16.0,0.7587,126.0,0.6006,63.0,0.6006,63.0,0.6006,63.0,0.6006,63.0,0.6006,63.0,0.6006,63.0,0.6433,0.2885,0.6433,0.2885,0.6433,0.2885,0.6433,0.2885,0.6433,0.2885,14.0,True,3.5009,9.7914,14572788921.0,0.0955,0.0525,0.137,0.1064,0.0706,0.1928,,2,24,213385.0,89318723.98,-89105338.98,True,True,213385.0,sell
US,PYPL,PayPal Holdings Inc,Financial Services,US-SF,2022-02-02,2022,1,-0.2459,-9.706,3114873217.0,-0.3006,-0.2376,-0.2685,-0.1731,-0.3572,True,-0.2365,-0.1564,-0.3522,-0.2683,2.0,True,-0.1938,-0.111,-0.3886,-0.2464,5.0,-0.1757,-0.1269,-0.2145,-0.131,-0.056,-0.0414,-0.1068,-0.0687,0.3261,-0.049,False,,-0.3006,63.0,-0.3006,63.0,-0.0624,1.0,-0.0842,3.0,-0.1022,6.0,-0.1303,7.0,-0.2939,22.0,-0.3256,54.0,-0.3886,-0.2464,-0.1757,-0.1269,-0.2145,-0.131,-0.056,-0.0414,-0.1068,-0.0687,-1.0,True,0.2094,0.4775,115936624524.0,0.0362,0.0186,0.1959,0.2495,0.1833,0.2914,0.0,7,41,2786518.29,18526129.18,-15739610.89,True,True,2786518.29,sell
US,SFIX,Stitch Fix,Consumer Cyclical,US-SF,2020-03-10,2020,1,-0.2522,-8.035,52834516.0,0.4849,0.3721,0.6772,0.5212,0.1686,True,1.0324,0.8001,0.7677,0.6459,3.0,True,0.979,0.5673,0.7602,0.4618,6.0,-0.0497,-0.1965,0.0994,-0.0992,0.1239,-0.0905,0.4769,0.2451,0.3373,0.848,True,47.0,0.3373,47.0,0.4376,65.0,-0.1166,1.0,-0.1166,1.0,-0.1166,1.0,-0.2207,2.0,-0.2617,16.0,0.4849,63.0,0.5966,0.3448,-0.0497,-0.1965,0.0994,-0.0992,0.1239,-0.0905,0.5966,0.3448,41.0,True,0.0931,0.0,1876019735.0,0.0197,-0.0233,0.0234,0.0303,0.2927,0.0113,,2,67,3124520.0,20987428.67,-17862908.67,True,True,3124520.0,sell
US,SMCI,Super Micro Computer Inc,Technology,US-SF,2024-04-19,2024,1,-0.2314,-3.089,6794482083.0,0.1018,-0.0185,-0.3378,-0.5184,2.1101,True,-0.3334,-0.5017,0.0923,-0.0165,1.0,True,-0.3966,-0.5506,-0.066,-0.1363,2.0,0.0794,0.0447,0.1462,0.0996,0.0534,-0.0025,0.0855,0.0111,0.301,0.3345,True,18.0,0.301,18.0,0.2237,23.0,0.1018,63.0,0.1018,63.0,0.1018,63.0,0.1018,63.0,0.1018,63.0,0.1018,63.0,0.1462,0.0996,0.0794,0.0447,0.1462,0.0996,0.1462,0.0996,0.1462,0.0996,16.0,True,0.3245,0.1472,46164093572.0,0.0139,-0.0323,0.0898,0.088,0.1621,0.6473,,1,45,1136000.0,76092955.67,-74956955.67,True,True,1136000.0,sell
US,SSNC,SS&C Technologies Holdings Inc,Technology,US-SF,2020-03-18,2020,3,-0.237,-5.841,86150791.0,0.6858,0.3874,0.7842,0.3725,-0.1338,True,0.6083,0.215,0.5587,0.2657,1.0,True,0.5856,0.2309,0.4988,0.2194,4.0,0.2761,0.1388,0.3063,0.1631,0.4553,0.2914,0.4424,0.2348,0.3106,0.9092,True,13.0,0.3106,13.0,0.5481,39.0,0.6858,63.0,0.6858,63.0,0.6858,63.0,0.6858,63.0,0.6858,63.0,0.6858,63.0,0.3722,0.2199,0.3722,0.2199,0.3722,0.2199,0.3722,0.2199,0.3722,0.2199,9.0,True,0.0857,1.3984,7643012728.0,0.0574,0.0144,0.0946,0.2586,0.4326,0.173,0.0142,6,6,82558.24,35988073.75,-35905515.51,True,True,82558.24,sell
US,STRA,Strategic Education Inc,Consumer Defensive,US-SF,2011-01-10,2011,1,-0.2261,-7.708,34768816.0,0.1963,0.1532,0.1736,0.1391,-0.2648,True,0.1168,0.099,0.0139,-0.0083,2.0,True,0.1168,0.099,0.0139,-0.0083,2.0,-0.0321,-0.0486,0.0268,-0.0068,0.133,0.1067,0.1158,0.119,0.2921,0.2573,False,,0.1963,63.0,0.1963,63.0,0.1963,63.0,0.1963,63.0,0.1963,63.0,0.1963,63.0,0.1963,63.0,0.1963,63.0,0.0139,-0.0083,-0.0321,-0.0486,0.0268,-0.0068,0.133,0.1067,0.1158,0.119,-1.0,True,0.5536,0.0,1946066949.0,0.054,0.011,0.2052,0.2175,0.2282,0.224,0.0378,5,2,332411.77,4345964.0,-4013552.23,True,True,332411.77,sell
US,SUPN,Supernus Pharmaceuticals Inc,Healthcare,US-SF,2019-11-06,2019,1,-0.3158,-12.121,15896355.0,0.2007,0.1191,0.1591,0.2068,-0.1831,True,0.1021,0.1524,0.1262,0.0397,1.0,True,0.0566,0.1287,0.0797,-0.0059,2.0,0.0442,0.0375,0.0417,0.0289,0.1054,0.0631,0.1165,0.0608,0.4616,0.2388,False,,0.2007,63.0,0.2007,63.0,0.2007,63.0,0.2007,63.0,0.2007,63.0,0.2007,63.0,0.2007,63.0,0.2007,63.0,0.0797,-0.0059,0.0442,0.0375,0.0417,0.0289,0.1054,0.0631,0.1165,0.0608,-1.0,True,0.245,0.7273,1156731640.0,0.096,0.053,0.2714,0.3134,1.0246,0.4532,,1,0,190008.0,0.0,190008.0,True,False,190008.0,buy
US,SWKS,Skyworks Solutions Inc,Technology,US-SF,2025-04-08,2025,4,-0.2407,-3.761,232478070.0,0.5949,0.3345,0.5766,0.2212,-0.3317,True,0.2455,0.0112,0.2638,0.1166,1.0,True,0.2455,0.0112,0.2638,0.1166,1.0,0.0823,0.0553,0.1317,0.0945,0.1674,0.0968,0.2559,0.1492,0.3171,0.719,True,16.0,0.3171,16.0,0.482,68.0,0.5949,63.0,0.5949,63.0,0.5949,63.0,0.5949,63.0,0.5949,63.0,0.5949,63.0,0.2098,0.0558,0.2098,0.0558,0.2098,0.0558,0.2098,0.0558,0.2098,0.0558,15.0,True,0.0941,0.1569,7032411287.0,0.0848,0.0421,0.1427,0.3992,0.0435,-0.0578,0.0595,1,10,661300.0,3589350.89,-2928050.89,True,True,661300.0,sell
US,TBBK,The Bancorp Inc,Financial Services,US-SF,2025-04-07,2025,3,-0.2526,-6.633,29096917.0,0.5043,0.267,0.8676,0.5412,0.0236,True,0.823,0.4676,0.4892,0.2287,1.0,True,0.6355,0.4012,0.3424,0.1953,2.0,0.0528,0.0258,0.0947,0.0575,0.1019,0.0314,0.156,0.0494,0.3379,0.9448,True,54.0,0.3379,54.0,0.5555,75.0,0.5043,63.0,0.5043,63.0,0.5043,63.0,0.5043,63.0,0.5043,63.0,0.5043,63.0,0.3549,0.1841,0.0528,0.0258,0.0947,0.0575,0.1019,0.0314,0.156,0.0494,52.0,True,0.2754,0.1566,1704097588.0,0.1277,0.0861,0.3063,0.3136,0.2014,0.3807,,6,10,759494.33,6749074.58,-5989580.25,True,True,759494.33,sell
US,TNDM,Tandem Diabetes Care Inc,Healthcare,US-SF,2022-11-03,2022,1,-0.2838,-6.826,59527064.0,0.1768,0.0716,-0.0906,-0.203,-0.4563,True,-0.1319,-0.2188,0.1126,0.0309,2.0,True,-0.1319,-0.2188,0.1126,0.0309,2.0,0.0409,0.0013,0.1022,0.0688,0.0826,0.0787,0.1759,0.1535,0.3962,0.2646,False,,0.1768,63.0,0.1768,63.0,0.1768,63.0,0.1768,63.0,0.1768,63.0,0.1768,63.0,0.1768,63.0,0.1768,63.0,0.1126,0.0309,0.0409,0.0013,0.1022,0.0688,0.0826,0.0787,0.1759,0.1535,-1.0,True,0.0359,0.6499,2519814603.0,0.0062,-0.0351,0.0221,0.125,0.5285,,,10,3,510974.83,1656412.42,-1145437.59,True,True,510974.83,sell
US,UCTT,Ultra Clean Holdings Inc,Technology,US-SF,2025-02-26,2025,2,-0.2654,-6.388,14364449.0,-0.2348,-0.2235,-0.0944,-0.1826,-0.082,True,-0.0181,-0.1341,-0.1338,-0.167,4.0,True,-0.0148,-0.1277,-0.1324,-0.1543,5.0,-0.0268,-0.0045,-0.2285,-0.1521,-0.2256,-0.1285,-0.1959,-0.163,0.3613,-0.0193,False,,-0.2348,63.0,-0.2348,63.0,-0.0578,1.0,-0.1189,3.0,-0.1189,3.0,-0.1325,9.0,-0.2937,26.0,-0.3099,27.0,-0.1324,-0.1543,-0.0268,-0.0045,-0.2285,-0.1521,-0.2256,-0.1285,-0.1959,-0.163,-1.0,True,0.0271,0.5638,1187503044.0,0.02,-0.0225,0.0113,0.0007,0.1449,-0.2738,,5,1,943325.0,130720.4,812604.6,True,True,943325.0,buy
US,VC,Visteon Corp,Consumer Cyclical,US-SF,2019-04-25,2019,1,-0.2354,-8.269,44050375.0,0.1459,0.1194,0.3769,0.3501,0.039,True,0.4271,0.4032,0.0472,0.0179,1.0,True,0.4546,0.4276,0.0444,0.018,2.0,-0.2478,-0.2129,-0.2587,-0.2043,-0.218,-0.1986,-0.1205,-0.1143,0.308,0.3951,False,,0.1459,63.0,0.1459,63.0,-0.0792,12.0,-0.0904,14.0,-0.1411,15.0,-0.1411,15.0,-0.2697,25.0,0.1459,63.0,0.0444,0.018,-0.2478,-0.2129,-0.2587,-0.2043,-0.218,-0.1986,-0.1205,-0.1143,-1.0,True,0.3527,0.871,1607396491.0,0.102,0.059,0.055,0.0258,-0.167,-0.1638,0.0,8,0,916227.0,0.0,916227.0,True,False,916227.0,buy
US,VIR,Vir Biotechnology Inc,Healthcare,US-SF,2023-07-20,2023,1,-0.449,-20.919,23102162.0,-0.3402,-0.2916,-0.2528,-0.32,-0.1209,True,-0.331,-0.4002,-0.4286,-0.3716,1.0,False,,,,,,,,,,,,,,0.815,0.1299,False,,-0.3402,63.0,-0.3402,63.0,-0.0898,34.0,-0.0898,34.0,-0.1339,35.0,-0.1339,35.0,-0.2622,43.0,-0.3031,55.0,,,,,,,,,,,,True,0.2482,0.0,2141880070.0,0.2408,0.2023,0.3192,0.9873,5.4127,-0.0188,,1,93,56825.0,80888412.03,-80831587.03,True,True,56825.0,sell
US,VLY,Valley National Bancorp,Financial Services,US-SF,2020-03-09,2020,5,-0.2284,-7.396,19449808.0,0.2988,0.122,0.0772,-0.1706,-0.0524,True,-0.0265,-0.1825,0.1909,0.0781,1.0,True,-0.0496,-0.282,0.0416,-0.0803,4.0,-0.1926,-0.1105,-0.027,-0.0768,-0.0295,-0.0913,-0.1309,-0.1711,0.296,0.2988,True,63.0,0.296,63.0,0.1635,65.0,-0.061,5.0,-0.0976,7.0,-0.1382,10.0,-0.1382,10.0,0.2988,63.0,0.2988,63.0,0.104,-0.0728,-0.1926,-0.1105,-0.027,-0.0768,-0.0295,-0.0913,-0.1309,-0.1711,59.0,True,0.078,1.0272,3112556512.0,0.084,0.041,0.2021,0.235,0.1167,0.0351,0.0783,1,4,225000.0,1283801.4,-1058801.4,True,True,225000.0,sell
US,VLY,Valley National Bancorp,Financial Services,US-SF,2023-05-04,2023,4,-0.2388,-5.295,42412167.0,0.4301,0.3275,0.1862,0.123,-0.1761,True,0.1562,0.1025,0.3635,0.2711,1.0,True,0.1562,0.1025,0.3635,0.2711,1.0,0.0053,-0.0115,0.1211,0.0854,0.0876,0.0266,0.0277,-0.0359,0.3137,0.4613,True,51.0,0.3137,51.0,0.318,70.0,-0.0672,5.0,0.4301,63.0,0.4301,63.0,0.4301,63.0,0.4301,63.0,0.4301,63.0,0.2383,0.1653,0.0053,-0.0115,0.1211,0.0854,0.0876,0.0266,0.0277,-0.0359,50.0,True,0.0889,0.2716,3397047613.0,0.1675,0.1339,0.2606,0.6544,0.1821,0.1285,0.0718,19,1,2646531.09,71400.0,2575131.09,True,True,2646531.09,buy
US,WAFD,"WaFd, Inc.",Financial Services,US-SF,2020-03-23,2020,2,-0.2294,-5.241,11970848.0,0.2127,-0.1808,-0.0186,-0.485,-0.2437,True,-0.1158,-0.4706,0.1121,-0.1674,1.0,False,,,,,,,,,,,,,,0.2976,0.3901,True,52.0,0.2976,52.0,0.1773,56.0,0.2127,63.0,0.2127,63.0,0.2127,63.0,0.2127,63.0,0.2127,63.0,0.2127,63.0,,,,,,,,,,,,True,0.1034,1.574,1304425184.0,0.1612,0.1182,0.2862,0.2702,0.0552,0.1088,0.0476,3,0,461404.0,0.0,461404.0,True,False,461404.0,buy
US,WGS,GeneDx Holdings Corp.,Healthcare,US-SF,2026-05-05,2026,1,-0.492,-10.824,65349938.0,,,,,-0.4834,True,,,,,1.0,True,,,,,2.0,0.2837,0.2506,0.279,0.2697,0.3684,0.3499,0.7133,0.6852,0.9684,1.0779,True,35.0,0.9684,35.0,0.8957,42.0,0.8366,54.0,0.8366,54.0,0.8366,54.0,0.8366,54.0,0.8366,54.0,0.8366,54.0,0.6153,0.5926,0.2837,0.2506,0.279,0.2697,0.3684,0.3499,0.6153,0.5926,33.0,False,-0.0682,0.1711,1024533812.0,-0.0205,-0.0647,-0.0492,0.0334,0.1898,,,10,83,13460089.63,18475786.88,-5015697.25,True,True,13460089.63,sell
US,WKHS,Workhorse Group Inc,Consumer Cyclical,US-SF,2022-08-09,2022,1,-0.2416,-3.887,16251018.0,-0.1858,-0.1093,-0.3805,-0.3794,0.4057,True,-0.4857,-0.4551,-0.2753,-0.1846,1.0,True,-0.4885,-0.4608,-0.3206,-0.2116,2.0,-0.201,-0.1439,-0.1959,-0.1729,-0.3232,-0.201,-0.3893,-0.2423,0.3186,0.2832,False,,-0.1858,63.0,-0.1858,63.0,-0.0501,9.0,-0.118,18.0,-0.118,18.0,-0.1327,19.0,-0.2714,42.0,-0.3186,43.0,-0.3206,-0.2116,-0.201,-0.1439,-0.1959,-0.1729,-0.3232,-0.201,-0.3893,-0.2423,-1.0,False,-2.2974,0.1414,110785878000.0,-0.0036,-0.0316,471.1051,161.8591,-0.3174,,,6,0,363718.0,0.0,363718.0,True,False,363718.0,buy
US,XRAY,Dentsply Sirona Inc,Healthcare,US-SF,2024-11-07,2024,1,-0.2802,-13.367,66948966.0,0.068,0.052,-0.0201,-0.0056,-0.127,True,-0.0616,-0.0444,0.0372,0.0278,1.0,False,,,,,,,,,,,,,,0.3893,0.1866,False,,0.068,63.0,0.068,63.0,0.068,63.0,0.068,63.0,0.068,63.0,0.068,63.0,0.068,63.0,0.068,63.0,,,,,,,,,,,,False,-0.0401,0.6432,3269010944.0,-0.0404,-0.0838,-0.0333,0.0575,-0.0011,0.2794,0.038,2,0,299939.35,0.0,299939.35,True,False,299939.35,buy
